kode,nama,tgl_catat,papan,sektor
AALI,Astra Agro Lestari Tbk.,9 Desember 1997,Utama,Consumer Non-Cyclicals
ABBA,Mahaka Media Tbk.,3 April 2002,Pemantauan Khusus,Consumer Cyclicals
ABDA,Asuransi Bina Dana Arta Tbk.,6 Juli 1989,Pemantauan Khusus,Financials
ABMM,ABM Investama Tbk.,6 Desember 2011,Utama,Energy
ACES,Aspirasi Hidup Indonesia Tbk.,6 November 2007,Utama,Consumer Cyclicals
ACRO,Samcro Hyosung Adilestari Tbk.,11 Januari 2024,Pengembangan,Consumer Cyclicals
ACST,Acset Indonusa Tbk.,24 Juni 2013,Pengembangan,Infrastructure
ADCP,Adhi Commuter Properti Tbk.,21 Mei 2021,Pengembangan,Properties & Real Estate
ADES,Akasha Wira International Tbk.,13 Juni 1994,Pengembangan,Consumer Non-Cyclicals
ADHI,Adhi Karya (Persero) Tbk.,18 Maret 2004,Utama,Infrastructure
ADMF,Adira Dinamika Multi Finance T,31 Maret 2004,Pengembangan,Financials
ADMG,Polychem Indonesia Tbk,20 Oktober 1993,Pengembangan,Basic Materials
ADMR,Alamtri Minerals Indonesia Tbk,3 Januari 2022,Utama,Energy
ADRO,Alamtri Resources Indonesia Tb,16 Juli 2008,Utama,Energy
AEGS,Anugerah Spareparts Sejahtera,11 September 2023,Akselerasi,Consumer Cyclicals
AGAR,Asia Sejahtera Mina Tbk.,2 Desember 2019,Pengembangan,Consumer Non-Cyclicals
AGII,Samator Indo Gas Tbk.,28 September 2016,Pengembangan,Basic Materials
AGRO,Bank Raya Indonesia Tbk.,8 Agustus 2003,Utama,Financials
AGRS,Bank IBK Indonesia Tbk.,22 Desember 2014,Pengembangan,Financials
AHAP,Asuransi Harta Aman Pratama Tbk.,14 September 1990,Pengembangan,Financials
AIMS,Artha Mahiya Investama Tbk.,20 Juli 2001,Pengembangan,Energy
AISA,FKS Food Sejahtera Tbk.,11 Juni 1997,Utama,Consumer Non-Cyclicals
AKKU,Anugerah Kagum Karya Utama Tbk,1 November 2004,Pemantauan Khusus,Consumer Cyclicals
AKPI,Argha Karya Prima Industry Tbk,18 Desember 1992,Pengembangan,Basic Materials
AKRA,AKR Corporindo Tbk.,3 Oktober 1994,Utama,Energy
AKSI,Mineral Sumberdaya Mandiri Tbk,13 Juli 2001,Pengembangan,Transportation & Logistics
ALDO,Alkindo Naratama Tbk.,12 Juli 2011,Pengembangan,Basic Materials
ALII,Ancara Logistics Indonesia Tbk,7 Februari 2024,Utama,Energy
ALKA,Alakasa Industrindo Tbk,12 Juli 1990,Pengembangan,Basic Materials
ALMI,Alumindo Light Metal Industry,2 Januari 1997,Pemantauan Khusus,Basic Materials
ALTO,Tri Banyan Tirta Tbk.,10 Juli 2012,Pemantauan Khusus,Consumer Non-Cyclicals
AMAG,Asuransi Multi Artha Guna Tbk.,23 Desember 2005,Pengembangan,Financials
AMAN,Makmur Berkah Amanda Tbk.,13 Maret 2020,Pengembangan,Properties & Real Estate
AMAR,Bank Amar Indonesia Tbk.,9 Januari 2020,Pengembangan,Financials
AMFG,Asahimas Flat Glass Tbk.,8 November 1995,Utama,Industrials
AMIN,Ateliers Mecaniques D Indonesi,10 Desember 2015,Pengembangan,Industrials
AMMN,Amman Mineral Internasional Tb,7 Juli 2023,Utama,Basic Materials
AMMS,Agung Menjangan Mas Tbk.,4 Agustus 2022,Akselerasi,Consumer Non-Cyclicals
AMOR,Ashmore Asset Management Indon,14 Januari 2020,Pengembangan,Financials
AMRT,Sumber Alfaria Trijaya Tbk.,15 Januari 2009,Utama,Consumer Non-Cyclicals
ANDI,Andira Agro Tbk.,16 Agustus 2018,Pemantauan Khusus,Consumer Non-Cyclicals
ANJT,Austindo Nusantara Jaya Tbk.,8 Mei 2013,Pengembangan,Consumer Non-Cyclicals
ANTM,Aneka Tambang Tbk.,27 November 1997,Utama,Basic Materials
APEX,Apexindo Pratama Duta Tbk.,5 Juni 2013,Pengembangan,Energy
APIC,Pacific Strategic Financial Tb,18 Desember 2002,Pengembangan,Financials
APII,Arita Prima Indonesia Tbk.,29 Oktober 2013,Pengembangan,Industrials
APLI,Asiaplast Industries Tbk.,1 Mei 2000,Pengembangan,Basic Materials
APLN,Agung Podomoro Land Tbk.,11 November 2010,Utama,Properties & Real Estate
ARCI,Archi Indonesia Tbk.,28 Juni 2021,Pengembangan,Basic Materials
AREA,Dunia Virtual Online Tbk.,1 April 2024,Pengembangan,Technology
ARGO,Argo Pantes Tbk,7 Januari 1991,Pengembangan,Consumer Cyclicals
ARII,Atlas Resources Tbk.,8 November 2011,Pengembangan,Energy
ARKA,Arkha Jayanti Persada Tbk.,10 Juli 2019,Pemantauan Khusus,Industrials
ARKO,Arkora Hydro Tbk.,8 Juli 2022,Pengembangan,Infrastructure
ARMY,Armidian Karyatama Tbk.,21 Juni 2017,Pemantauan Khusus,Properties & Real Estate
ARNA,Arwana Citramulia Tbk.,17 Juli 2001,Utama,Industrials
ARTA,Arthavest Tbk,5 November 2002,Pemantauan Khusus,Consumer Cyclicals
ARTI,Ratu Prabu Energi Tbk,30 April 2003,Pemantauan Khusus,Energy
ARTO,Bank Jago Tbk.,12 Januari 2016,Utama,Financials
ASBI,Asuransi Bintang Tbk.,29 November 1989,Pengembangan,Financials
ASDM,Asuransi Dayin Mitra Tbk.,15 Desember 1989,Pengembangan,Financials
ASGR,Astra Graphia Tbk.,15 November 1989,Utama,Industrials
ASHA,Cilacap Samudera Fishing Indus,27 Mei 2022,Pemantauan Khusus,Consumer Non-Cyclicals
ASII,Astra International Tbk.,4 April 1990,Utama,Industrials
ASJT,Asuransi Jasa Tania Tbk.,23 Desember 2003,Pengembangan,Financials
ASLC,Autopedia Sukses Lestari Tbk.,25 Januari 2022,Pengembangan,Consumer Cyclicals
ASLI,Asri Karya Lestari Tbk.,5 Januari 2024,Pengembangan,Infrastructure
ASMI,Asuransi Maximus Graha Persada,16 Januari 2014,Pemantauan Khusus,Financials
ASPI,Andalan Sakti Primaindo Tbk.,17 Februari 2020,Pengembangan,Properties & Real Estate
ASRI,Alam Sutera Realty Tbk.,18 Desember 2007,Utama,Properties & Real Estate
ASRM,Asuransi Ramayana Tbk.,19 Maret 1990,Pengembangan,Financials
ASSA,Adi Sarana Armada Tbk.,12 November 2012,Utama,Transportation & Logistics
ATAP,Trimitra Prawara Goldland Tbk.,11 Desember 2020,Pemantauan Khusus,Properties & Real Estate
ATIC,Anabatic Technologies Tbk.,8 Juli 2015,Pengembangan,Technology
ATLA,Atlantis Subsea Indonesia Tbk.,16 April 2024,Pengembangan,Energy
AUTO,Astra Otoparts Tbk.,15 Juni 1998,Utama,Consumer Cyclicals
AVIA,Avia Avian Tbk.,8 Desember 2021,Utama,Basic Materials
AWAN,Era Digital Media Tbk.,18 April 2023,Pengembangan,Technology
AXIO,Tera Data Indonusa Tbk.,20 Juli 2022,Utama,Technology
AYAM,Janu Putra Sejahtera Tbk.,30 November 2023,Pengembangan,Consumer Non-Cyclicals
AYLS,Arkayana Lestari Grup Tbk,12 Februari 2020,Pengembangan,Basic Materials
PTBA,Bukit Asam Tbk.,23 Desember 2002,Utama,Energy
BABP,Bank MNC Internasional Tbk.,15 Juli 2002,Pengembangan,Financials
BABY,Multitrend Indo Tbk.,7 September 2023,Pengembangan,Consumer Cyclicals
BACA,Bank Capital Indonesia Tbk.,4 Oktober 2007,Utama,Financials
BAIK,Bersama Mencapai Puncak Tbk.,15 Februari 2024,Pengembangan,Consumer Cyclicals
BAJA,Saranacentral Bajatama Tbk.,21 Desember 2011,Pengembangan,Basic Materials
BALI,Bali Towerindo Sentra Tbk.,13 Maret 2014,Utama,Infrastructure
BANK,Bank Aladin Syariah Tbk.,1 Februari 2021,Utama,Financials
BAPA,Bekasi Asri Pemula Tbk.,14 Januari 2008,Pengembangan,Properties & Real Estate
BAPI,Bhakti Agung Propertindo Tbk.,16 September 2019,Pemantauan Khusus,Properties & Real Estate
BATA,Sepatu Bata Tbk.,24 Maret 1982,Pengembangan,Consumer Cyclicals
BATR,Benteng Api Technic Tbk.,10 Juni 2024,Pengembangan,Basic Materials
BAUT,Mitra Angkasa Sejahtera Tbk.,28 Januari 2022,Pemantauan Khusus,Consumer Cyclicals
BAYU,Bayu Buana Tbk,30 Oktober 1989,Pengembangan,Consumer Cyclicals
BBCA,Bank Central Asia Tbk.,31 Mei 2000,Utama,Financials
BBHI,Allo Bank Indonesia Tbk.,12 Agustus 2015,Utama,Financials
BBKP,Bank KB Bukopin Tbk.,10 Juli 2006,Utama,Financials
BBLD,Buana Finance Tbk.,7 Mei 1990,Pengembangan,Financials
BBMD,Bank Mestika Dharma Tbk.,8 Juli 2013,Pengembangan,Financials
BBNI,Bank Negara Indonesia (Persero) Tbk.,25 November 1996,Utama,Financials
BBRI,Bank Rakyat Indonesia (Persero) Tbk.,10 November 2003,Utama,Financials
BBRM,Pelayaran Nasional Bina Buana,9 Januari 2013,Pengembangan,Energy
BBSI,Krom Bank Indonesia Tbk.,7 September 2020,Pengembangan,Financials
BBSS,Bumi Benowo Sukses Sejahtera T,15 April 2020,Pengembangan,Properties & Real Estate
BBTN,Bank Tabungan Negara (Persero),17 Desember 2009,Utama,Financials
BBYB,Bank Neo Commerce Tbk.,13 Januari 2015,Utama,Financials
BCAP,MNC Kapital Indonesia Tbk.,8 Juni 2001,Utama,Financials
BCIC,Bank JTrust Indonesia Tbk.,25 Juni 1997,Pengembangan,Financials
BCIP,Bumi Citra Permai Tbk.,11 Desember 2009,Pengembangan,Properties & Real Estate
BDKR,Berdikari Pondasi Perkasa Tbk.,3 Maret 2023,Utama,Infrastructure
BDMN,Bank Danamon Indonesia Tbk.,6 Desember 1989,Utama,Financials
BEBS,Berkah Beton Sadaya Tbk.,10 Maret 2021,Pemantauan Khusus,Basic Materials
BEEF,Estika Tata Tiara Tbk.,10 Januari 2019,Pengembangan,Consumer Non-Cyclicals
BEER,Jobubu Jarum Minahasa Tbk.,6 Januari 2023,Pengembangan,Consumer Non-Cyclicals
BEKS,Bank Pembangunan Daerah Banten,13 Juli 2001,Pemantauan Khusus,Financials
BELI,Global Digital Niaga Tbk.,8 November 2022,Ekonomi Baru,Technology
BELL,Trisula Textile Industries Tbk,3 Oktober 2017,Pengembangan,Consumer Cyclicals
BESS,Batulicin Nusantara Maritim Tb,9 Maret 2020,Pengembangan,Energy
BEST,Bekasi Fajar Industrial Estate,10 April 2012,Utama,Properties & Real Estate
BFIN,BFI Finance Indonesia Tbk.,16 Mei 1990,Utama,Financials
BGTG,Bank Ganesha Tbk.,12 Mei 2016,Pengembangan,Financials
BHAT,Bhakti Multi Artha Tbk.,15 April 2020,Pengembangan,Financials
BHIT,MNC Asia Holding Tbk.,24 November 1997,Pemantauan Khusus,Industrials
BIKA,Binakarya Jaya Abadi Tbk.,14 Juli 2015,Pemantauan Khusus,Properties & Real Estate
BIKE,Sepeda Bersama Indonesia Tbk.,21 Maret 2022,Pengembangan,Consumer Cyclicals
BIMA,Primarindo Asia Infrastructure,30 Agustus 1994,Pengembangan,Consumer Cyclicals
BINA,Bank Ina Perdana Tbk.,16 Januari 2014,Utama,Financials
BINO,Perma Plasindo Tbk.,25 November 2021,Pengembangan,Industrials
BIPI,Astrindo Nusantara Infrastrukt,11 Februari 2010,Pengembangan,Energy
BIPP,Bhuwanatala Indah Permai Tbk.,23 Oktober 1995,Pemantauan Khusus,Properties & Real Estate
BIRD,Blue Bird Tbk.,5 November 2014,Utama,Transportation & Logistics
BISI,BISI International Tbk.,28 Mei 2007,Utama,Consumer Non-Cyclicals
BJBR,Bank Pembangunan Daerah Jawa B,8 Juli 2010,Utama,Financials
BJTM,Bank Pembangunan Daerah Jawa T,12 Juli 2012,Utama,Financials
BKDP,Bukit Darmo Property Tbk.,15 Juni 2007,Pemantauan Khusus,Properties & Real Estate
BKSL,Sentul City Tbk.,28 Juli 1997,Pemantauan Khusus,Properties & Real Estate
BKSW,Bank QNB Indonesia Tbk.,21 November 2002,Pengembangan,Financials
BLES,Superior Prima Sukses Tbk.,8 Juli 2024,Utama,Basic Materials
BLTA,Berlian Laju Tanker Tbk,26 Maret 1990,Pemantauan Khusus,Transportation & Logistics
BLTZ,Graha Layar Prima Tbk.,10 April 2014,Pemantauan Khusus,Consumer Cyclicals
BLUE,Berkah Prima Perkasa Tbk.,8 Juli 2019,Pengembangan,Industrials
BMAS,Bank Maspion Indonesia Tbk.,11 Juli 2013,Pemantauan Khusus,Financials
BMBL,Lavender Bina Cendikia Tbk.,11 Januari 2023,Akselerasi,Consumer Cyclicals
BMHS,Bundamedik Tbk.,6 Juli 2021,Utama,Healthcare
BMRI,Bank Mandiri (Persero) Tbk.,14 Juli 2003,Utama,Financials
BMSR,Bintang Mitra Semestaraya Tbk,29 Desember 1999,Pengembangan,Basic Materials
BMTR,Global Mediacom Tbk.,17 Juli 1995,Utama,Consumer Cyclicals
BNBA,Bank Bumi Arta Tbk.,1 Juni 2006,Pengembangan,Financials
BNBR,Bakrie & Brothers Tbk,28 Agustus 1989,Pemantauan Khusus,Industrials
BNGA,Bank CIMB Niaga Tbk.,29 November 1989,Utama,Financials
BNII,Bank Maybank Indonesia Tbk.,21 November 1989,Utama,Financials
BNLI,Bank Permata Tbk.,15 Januari 1990,Pengembangan,Financials
BOAT,Newport Marine Services Tbk.,12 November 2024,Pengembangan,Energy
BOBA,Formosa Ingredient Factory Tbk,1 November 2021,Pengembangan,Consumer Non-Cyclicals
BOGA,Apollo Global Interactive Tbk,19 Desember 2016,Pengembangan,Consumer Cyclicals
BOLA,Bali Bintang Sejahtera Tbk.,17 Juni 2019,Utama,Consumer Cyclicals
BOLT,Garuda Metalindo Tbk.,7 Juli 2015,Pengembangan,Consumer Cyclicals
BOSS,Borneo Olah Sarana Sukses Tbk.,15 Februari 2018,Pemantauan Khusus,Energy
BPFI,Woori Finance Indonesia Tbk.,1 Juni 2009,Pengembangan,Financials
BPII,Batavia Prosperindo Internasio,8 Juli 2014,Pengembangan,Financials
BPTR,Batavia Prosperindo Trans Tbk.,9 Juli 2018,Pengembangan,Transportation & Logistics
BRPT,Barito Pacific Tbk.,1 Oktober 1993,Utama,Basic Materials
BRAM,Indo Kordsa Tbk.,5 September 1990,Pengembangan,Consumer Cyclicals
BREN,Barito Renewables Energy Tbk.,9 Oktober 2023,Utama,Infrastructure
BRIS,Bank Syariah Indonesia Tbk.,9 Mei 2018,Utama,Financials
BRMS,Bumi Resources Minerals Tbk.,9 Desember 2010,Utama,Basic Materials
BRNA,Berlina Tbk.,6 November 1989,Pemantauan Khusus,Basic Materials
BSBK,Wulandari Bangun Laksana Tbk.,8 November 2022,Utama,Properties & Real Estate
BSDE,Bumi Serpong Damai Tbk.,6 Juni 2008,Utama,Properties & Real Estate
BSIM,Bank Sinarmas Tbk.,13 Desember 2010,Utama,Financials
BSML,Bintang Samudera Mandiri Lines,16 Desember 2021,Pengembangan,Energy
BSSR,Baramulti Suksessarana Tbk.,8 November 2012,Pengembangan,Energy
BSWD,Bank Of India Indonesia Tbk.,1 Mei 2002,Pemantauan Khusus,Financials
BTEK,Bumi Teknokultura Unggul Tbk,14 Mei 2004,Pemantauan Khusus,Consumer Non-Cyclicals
BTEL,Bakrie Telecom Tbk.,3 Februari 2006,Pemantauan Khusus,Infrastructure
BTON,Betonjaya Manunggal Tbk.,18 Juli 2001,Pengembangan,Basic Materials
BTPN,Bank SMBC Indonesia Tbk.,12 Maret 2008,Utama,Financials
BTPS,Bank BTPN Syariah Tbk.,8 Mei 2018,Utama,Financials
BUAH,Segar Kumala Indonesia Tbk.,9 Agustus 2022,Pengembangan,Consumer Non-Cyclicals
BUDI,Budi Starch & Sweetener Tbk.,8 Mei 1995,Utama,Consumer Non-Cyclicals
BUKA,Bukalapak.com Tbk.,6 Agustus 2021,Ekonomi Baru,Technology
BUKK,Bukaka Teknik Utama Tbk.,29 Juni 2015,Pengembangan,Infrastructure
BULL,Buana Lintas Lautan Tbk.,23 Mei 2011,Pengembangan,Energy
BUMI,Bumi Resources Tbk.,30 Juli 1990,Utama,Energy
BUVA,Bukit Uluwatu Villa Tbk.,12 Juli 2010,Pengembangan,Consumer Cyclicals
BVIC,Bank Victoria International Tb,30 Juni 1999,Utama,Financials
BWPT,Eagle High Plantations Tbk.,27 Oktober 2009,Utama,Consumer Non-Cyclicals
BYAN,Bayan Resources Tbk.,12 Agustus 2008,Utama,Energy
CAKK,Cahayaputra Asa Keramik Tbk.,31 Oktober 2018,Pengembangan,Industrials
CAMP,Campina Ice Cream Industry Tbk,19 Desember 2017,Pengembangan,Consumer Non-Cyclicals
CANI,Capitol Nusantara Indonesia Tb,16 Januari 2014,Pemantauan Khusus,Energy
CARE,Metro Healthcare Indonesia Tbk,13 Maret 2020,Pengembangan,Healthcare
CARS,Industri dan Perdagangan Bintr,10 April 2017,Utama,Consumer Cyclicals
CASA,Capital Financial Indonesia Tb,19 Juli 2016,Pengembangan,Financials
CASH,Cashlez Worldwide Indonesia Tb,4 Mei 2020,Akselerasi,Technology
CASS,Cardig Aero Services Tbk.,5 Desember 2011,Utama,Infrastructure
CBMF,Cahaya Bintang Medan Tbk.,9 April 2020,Pemantauan Khusus,Consumer Cyclicals
CBPE,Citra Buana Prasida Tbk.,6 Januari 2023,Pengembangan,Properties & Real Estate
CBRE,Cakra Buana Resources Energi T,9 Januari 2023,Pemantauan Khusus,Energy
CBUT,Citra Borneo Utama Tbk.,8 November 2022,Utama,Consumer Non-Cyclicals
CCSI,Communication Cable Systems In,18 Juni 2019,Pengembangan,Industrials
CEKA,Wilmar Cahaya Indonesia Tbk.,9 Juli 1996,Pengembangan,Consumer Non-Cyclicals
CENT,Centratama Telekomunikasi Indo,1 November 2001,Pemantauan Khusus,Infrastructure
CFIN,Clipan Finance Indonesia Tbk.,27 Agustus 1990,Utama,Financials
CGAS,Citra Nusantara Gemilang Tbk.,8 Januari 2024,Pengembangan,Energy
CHEM,Chemstar Indonesia Tbk.,8 Juli 2022,Pengembangan,Basic Materials
CHIP,Pelita Teknologi Global Tbk.,8 Februari 2023,Akselerasi,Technology
CINT,Chitose Internasional Tbk.,27 Juni 2014,Pengembangan,Consumer Cyclicals
CITA,Cita Mineral Investindo Tbk.,20 Maret 2002,Pengembangan,Basic Materials
CITY,Natura City Developments Tbk.,28 September 2018,Pengembangan,Properties & Real Estate
CLAY,Citra Putra Realty Tbk.,18 Januari 2019,Pemantauan Khusus,Consumer Cyclicals
CLEO,Sariguna Primatirta Tbk.,5 Mei 2017,Utama,Consumer Non-Cyclicals
CLPI,Colorpak Indonesia Tbk.,30 November 2001,Pengembangan,Basic Materials
CMNP,Citra Marga Nusaphala Persada,10 Januari 1995,Utama,Infrastructure
CMNT,Cemindo Gemilang Tbk.,8 September 2021,Utama,Basic Materials
CMPP,AirAsia Indonesia Tbk.,8 Desember 1994,Pemantauan Khusus,Transportation & Logistics
CMRY,Cisarua Mountain Dairy Tbk.,6 Desember 2021,Utama,Consumer Non-Cyclicals
CNKO,Exploitasi Energi Indonesia Tb,20 November 2001,Pemantauan Khusus,Energy
CNMA,Nusantara Sejahtera Raya Tbk.,2 Agustus 2023,Utama,Consumer Cyclicals
CNTX,Century Textile Industry Tbk.,22 Mei 1979,Pemantauan Khusus,Consumer Cyclicals
COAL,Black Diamond Resources Tbk.,7 September 2022,Pemantauan Khusus,Energy
COCO,Wahana Interfood Nusantara Tbk,20 Maret 2019,Pengembangan,Consumer Non-Cyclicals
COWL,Cowell Development Tbk.,19 Desember 2007,Pemantauan Khusus,Properties & Real Estate
CPIN,Charoen Pokphand Indonesia Tbk,18 Maret 1991,Utama,Consumer Non-Cyclicals
CPRI,Capri Nusa Satu Properti Tbk.,11 April 2019,Pemantauan Khusus,Properties & Real Estate
CPRO,Central Proteina Prima Tbk.,28 November 2006,Pengembangan,Consumer Non-Cyclicals
CRAB,Toba Surimi Industries Tbk.,10 Agustus 2022,Pengembangan,Consumer Non-Cyclicals
CRSN,Carsurin Tbk.,10 Juli 2023,Pengembangan,Industrials
CSAP,Catur Sentosa Adiprana Tbk.,12 Desember 2007,Pengembangan,Consumer Cyclicals
CSIS,Cahayasakti Investindo Sukses,10 Mei 2017,Pemantauan Khusus,Properties & Real Estate
CSMI,Cia Selera Murni Tbk.,9 April 2020,Pemantauan Khusus,Consumer Cyclicals
CSRA,Cisadane Sawit Raya Tbk.,9 Januari 2020,Pengembangan,Consumer Non-Cyclicals
CTBN,Citra Tubindo Tbk.,28 November 1989,Pemantauan Khusus,Basic Materials
CTRA,Ciputra Development Tbk.,28 Maret 1994,Utama,Properties & Real Estate
CTTH,Citatah Tbk.,3 Juli 1996,Pemantauan Khusus,Industrials
CUAN,Petrindo Jaya Kreasi Tbk.,8 Maret 2023,Utama,Energy
CYBR,ITSEC Asia Tbk.,8 Agustus 2023,Pengembangan,Technology
DAAZ,Daaz Bara Lestari Tbk.,11 November 2024,Utama,Basic Materials
DADA,Diamond Citra Propertindo Tbk.,14 Februari 2020,Pemantauan Khusus,Properties & Real Estate
DART,Duta Anggada Realty Tbk.,8 Mei 1990,Pengembangan,Properties & Real Estate
DATA,Remala Abadi Tbk.,7 Mei 2024,Pengembangan,Infrastructure
DAYA,Duta Intidaya Tbk.,28 Juni 2016,Pengembangan,Consumer Non-Cyclicals
DCII,DCI Indonesia Tbk.,6 Januari 2021,Pengembangan,Technology
DEAL,Dewata Freightinternational Tb,11 November 2018,Pemantauan Khusus,Transportation & Logistics
DEFI,Danasupra Erapacific Tbk.,6 Juli 2001,Pemantauan Khusus,Financials
DEPO,Caturkarda Depo Bangunan Tbk.,25 November 2021,Pengembangan,Consumer Cyclicals
DEWA,Darma Henwa Tbk,26 September 2007,Utama,Energy
DEWI,Dewi Shri Farmindo Tbk.,18 Juli 2022,Pengembangan,Consumer Non-Cyclicals
DFAM,Dafam Property Indonesia Tbk.,27 April 2018,Pengembangan,Consumer Cyclicals
DGIK,Nusa Konstruksi Enjiniring Tbk,19 Desember 2007,Pengembangan,Infrastructure
DGNS,Diagnos Laboratorium Utama Tbk,15 Januari 2021,Pengembangan,Healthcare
DIGI,Arkadia Digital Media Tbk.,18 September 2018,Pemantauan Khusus,Consumer Cyclicals
DILD,Intiland Development Tbk.,4 September 1991,Utama,Properties & Real Estate
DIVA,Distribusi Voucher Nusantara T,27 November 2018,Pengembangan,Technology
DKFT,Central Omega Resources Tbk.,21 November 1997,Pengembangan,Basic Materials
DLTA,Delta Djakarta Tbk.,27 Februari 1984,Utama,Consumer Non-Cyclicals
DMAS,Puradelta Lestari Tbk.,29 Mei 2015,Utama,Properties & Real Estate
DMMX,Digital Mediatama Maxima Tbk.,21 Oktober 2019,Pengembangan,Technology
DMND,Diamond Food Indonesia Tbk.,22 Januari 2020,Pemantauan Khusus,Consumer Non-Cyclicals
DNAR,Bank Oke Indonesia Tbk.,11 Juli 2014,Pengembangan,Financials
DNET,Indoritel Makmur Internasional,11 Desember 2000,Pengembangan,Financials
DOID,Delta Dunia Makmur Tbk.,15 Juni 2001,Utama,Energy
DOOH,Era Media Sejahtera Tbk.,8 Mei 2023,Pengembangan,Consumer Cyclicals
DOSS,Global Sukses Digital Tbk.,7 Agustus 2024,Pengembangan,Consumer Cyclicals
DPNS,Duta Pertiwi Nusantara Tbk.,8 Agustus 1990,Pengembangan,Basic Materials
DPUM,Dua Putra Utama Makmur Tbk.,8 Desember 2015,Pemantauan Khusus,Consumer Non-Cyclicals
DRMA,Dharma Polimetal Tbk.,20 Desember 2021,Utama,Consumer Cyclicals
DSFI,Dharma Samudera Fishing Indust,24 Maret 2000,Pengembangan,Consumer Non-Cyclicals
DSNG,Dharma Satya Nusantara Tbk.,14 Juni 2013,Utama,Consumer Non-Cyclicals
DSSA,Dian Swastatika Sentosa Tbk,10 Desember 2009,Utama,Energy
PTDU,Djasa Ubersakti Tbk.,8 Desember 2020,Pemantauan Khusus,Infrastructure
DUCK,Jaya Bersama Indo Tbk.,10 Oktober 2018,Pemantauan Khusus,Consumer Cyclicals
DUTI,Duta Pertiwi Tbk,2 November 1994,Pemantauan Khusus,Properties & Real Estate
DVLA,Darya-Varia Laboratoria Tbk.,11 November 1994,Pengembangan,Healthcare
DWGL,Dwi Guna Laksana Tbk.,13 Desember 2017,Pengembangan,Energy
DYAN,Dyandra Media International Tb,25 Maret 2013,Pengembangan,Industrials
EAST,Eastparc Hotel Tbk.,9 Juli 2019,Pengembangan,Consumer Cyclicals
ECII,Electronic City Indonesia Tbk.,3 Juli 2013,Pengembangan,Consumer Cyclicals
EDGE,Indointernet Tbk.,8 Februari 2021,Pengembangan,Technology
EKAD,Ekadharma International Tbk.,14 Agustus 1990,Pengembangan,Basic Materials
ELIT,Data Sinergitama Jaya Tbk.,6 Januari 2023,Pengembangan,Technology
ELPI,Pelayaran Nasional Ekalya Purn,8 Agustus 2022,Utama,Transportation & Logistics
ELSA,Elnusa Tbk.,6 Februari 2008,Utama,Energy
ELTY,Bakrieland Development Tbk.,30 Oktober 1995,Pemantauan Khusus,Properties & Real Estate
EMDE,Megapolitan Developments Tbk.,12 Januari 2011,Pengembangan,Properties & Real Estate
EMTK,Elang Mahkota Teknologi Tbk.,12 Januari 2010,Utama,Technology
ENAK,Champ Resto Indonesia Tbk.,8 Februari 2022,Pengembangan,Consumer Cyclicals
ENRG,Energi Mega Persada Tbk.,7 Juni 2004,Utama,Energy
ENVY,Envy Technologies Indonesia Tb,8 Juli 2019,Pemantauan Khusus,Technology
ENZO,Morenzo Abadi Perkasa Tbk.,14 September 2020,Pemantauan Khusus,Consumer Non-Cyclicals
EPAC,Megalestari Epack Sentosaraya,1 Juli 2020,Pemantauan Khusus,Basic Materials
EPMT,Enseval Putera Megatrading Tbk,1 Agustus 1994,Pengembangan,Consumer Non-Cyclicals
ERAA,Erajaya Swasembada Tbk.,14 Desember 2011,Utama,Consumer Cyclicals
ERAL,Sinar Eka Selaras Tbk.,8 Agustus 2023,Utama,Consumer Cyclicals
ERTX,Eratex Djaja Tbk.,21 Agustus 1990,Pengembangan,Consumer Cyclicals
ESIP,Sinergi Inti Plastindo Tbk.,14 November 2019,Pemantauan Khusus,Basic Materials
ESSA,ESSA Industries Indonesia Tbk.,1 Februari 2012,Utama,Basic Materials
ESTA,Esta Multi Usaha Tbk.,9 Maret 2020,Pengembangan,Consumer Cyclicals
ESTI,Ever Shine Tex Tbk.,13 Oktober 1992,Pemantauan Khusus,Consumer Cyclicals
ETWA,Eterindo Wahanatama Tbk,16 Mei 1997,Pemantauan Khusus,Basic Materials
EURO,Estee Gold Feet Tbk.,8 Agustus 2022,Akselerasi,Consumer Non-Cyclicals
EXCL,XLSMART Telecom Sejahtera Tbk,29 September 2005,Utama,Infrastructure
FAPA,FAP Agri Tbk.,4 Januari 2021,Pengembangan,Consumer Non-Cyclicals
FAST,Fast Food Indonesia Tbk.,11 Mei 1993,Pengembangan,Consumer Cyclicals
FASW,Fajar Surya Wisesa Tbk.,19 Desember 1994,Pemantauan Khusus,Basic Materials
FILM,MD Entertainment Tbk.,7 Agustus 2018,Utama,Consumer Cyclicals
FIMP,Fimperkasa Utama Tbk.,9 April 2021,Pemantauan Khusus,Infrastructure
FIRE,Alfa Energi Investama Tbk.,9 Juni 2017,Pengembangan,Energy
FISH,FKS Multi Agro Tbk.,18 Januari 2002,Pemantauan Khusus,Consumer Non-Cyclicals
FITT,Hotel Fitra International Tbk.,11 Juni 2019,Pengembangan,Consumer Cyclicals
FLMC,Falmaco Nonwoven Industri Tbk.,8 Juli 2021,Akselerasi,Consumer Non-Cyclicals
FMII,Fortune Mate Indonesia Tbk,30 Juni 2000,Pengembangan,Properties & Real Estate
FOLK,Multi Garam Utama Tbk.,7 Agustus 2023,Pengembangan,Industrials
FOOD,Sentra Food Indonesia Tbk.,8 Januari 2019,Pengembangan,Consumer Non-Cyclicals
FORU,Fortune Indonesia Tbk,17 Januari 2002,Pengembangan,Consumer Cyclicals
FORZ,Forza Land Indonesia Tbk.,28 April 2017,Pemantauan Khusus,Properties & Real Estate
FPNI,Lotte Chemical Titan Tbk.,21 Maret 2002,Pengembangan,Basic Materials
FREN,Smartfren Telecom Tbk.,29 November 2006,Pemantauan Khusus,Infrastructure
FUJI,Fuji Finance Indonesia Tbk.,9 Juli 2019,Pengembangan,Financials
FUTR,Futura Energi Global Tbk,27 Februari 2023,Pemantauan Khusus,Consumer Cyclicals
FWCT,Wijaya Cahaya Timber Tbk.,1 Februari 2023,Pengembangan,Basic Materials
GAMA,Aksara Global Development Tbk.,11 Juli 2012,Pemantauan Khusus,Properties & Real Estate
GDST,Gunawan Dianjaya Steel Tbk.,23 Desember 2009,Pengembangan,Basic Materials
GDYR,Goodyear Indonesia Tbk.,22 Desember 1980,Pengembangan,Consumer Cyclicals
GEMA,Gema Grahasarana Tbk.,12 Agustus 2002,Pengembangan,Consumer Cyclicals
GEMS,Golden Energy Mines Tbk.,17 November 2011,Utama,Energy
GGRM,Gudang Garam Tbk.,27 Agustus 1990,Utama,`
GGRP,Gunung Raja Paksi Tbk.,19 September 2019,Pemantauan Khusus,Basic Materials
GHON,Gihon Telekomunikasi Indonesia,9 April 2018,Pengembangan,Infrastructure
GIAA,Garuda Indonesia (Persero) Tbk,11 Februari 2011,Pemantauan Khusus,Transportation & Logistics
GJTL,Gajah Tunggal Tbk.,8 Mei 1990,Utama,Consumer Cyclicals
GLOB,Globe Kita Terang Tbk.,10 Juli 2012,Pemantauan Khusus,Consumer Cyclicals
GLVA,Galva Technologies Tbk.,23 Desember 2019,Pengembangan,Technology
GMFI,Garuda Maintenance Facility Ae,10 Oktober 2017,Pemantauan Khusus,Infrastructure
GMTD,Gowa Makassar Tourism Developm,11 Desember 2000,Pengembangan,Properties & Real Estate
GOLD,Visi Telekomunikasi Infrastruk,7 Juli 2010,Pengembangan,Infrastructure
GOLF,Intra Golflink Resorts Tbk.,8 Juli 2024,Utama,Consumer Cyclicals
GOLL,Golden Plantation Tbk.,23 Desember 2014,Pemantauan Khusus,Consumer Non-Cyclicals
GOOD,Garudafood Putra Putri Jaya Tb,10 Oktober 2018,Utama,Consumer Non-Cyclicals
GOTO,GoTo Gojek Tokopedia Tbk.,11 April 2022,Ekonomi Baru,Technology
GPRA,Perdana Gapuraprima Tbk.,10 Oktober 2007,Pengembangan,Properties & Real Estate
GPSO,Geoprima Solusi Tbk.,6 September 2021,Pengembangan,Industrials
GRIA,Ingria Pratama Capitalindo Tbk,8 Agustus 2023,Pengembangan,Properties & Real Estate
GRPH,Griha Putra Persada Tbk.,17 Januari 2024,Pengembangan,Consumer Cyclicals
GRPM,Graha Prima Mentari Tbk.,10 Juli 2023,Akselerasi,Consumer Non-Cyclicals
GSMF,Equity Development Investment,23 Oktober 1989,Pengembangan,Financials
GTBO,Garda Tujuh Buana Tbk,9 Juli 2009,Pengembangan,Energy
GTRA,Grahaprima Suksesmandiri Tbk.,30 Maret 2023,Pengembangan,Transportation & Logistics
GTSI,GTS Internasional Tbk.,8 September 2021,Pemantauan Khusus,Energy
GULA,Aman Agrindo Tbk.,3 Agustus 2022,Pengembangan,Consumer Non-Cyclicals
GUNA,Gunanusa Eramandiri Tbk.,9 Juli 2024,Pengembangan,Consumer Non-Cyclicals
GWSA,Greenwood Sejahtera Tbk.,23 Desember 2011,Utama,Consumer Cyclicals
GZCO,Gozco Plantations Tbk.,15 Mei 2008,Pengembangan,Consumer Non-Cyclicals
HADE,Himalaya Energi Perkasa Tbk.,12 April 2004,Pemantauan Khusus,Infrastructure
HAIS,Hasnur Internasional Shipping,1 September 2021,Pengembangan,Transportation & Logistics
HAJJ,Arsy Buana Travelindo Tbk.,5 April 2023,Akselerasi,Consumer Cyclicals
HALO,Haloni Jane Tbk.,8 Februari 2023,Pengembangan,Healthcare
HATM,Habco Trans Maritima Tbk.,26 Juli 2022,Utama,Transportation & Logistics
HBAT,Minahasa Membangun Hebat Tbk.,7 Agustus 2023,Akselerasi,Properties & Real Estate
HDFA,Radana Bhaskara Finance Tbk.,10 Mei 2011,Pengembangan,Financials
HDIT,Hensel Davest Indonesia Tbk.,12 Juli 2019,Pemantauan Khusus,Technology
HDTX,Panasia Indo Resources Tbk.,6 Juni 1990,Pemantauan Khusus,Consumer Cyclicals
HEAL,Medikaloka Hermina Tbk.,16 Mei 2018,Utama,Healthcare
HELI,Jaya Trishindo Tbk.,27 Maret 2018,Pengembangan,Transportation & Logistics
HERO,DFI Retail Nusantara Tbk,21 Agustus 1989,Pengembangan,Consumer Non-Cyclicals
HEXA,Hexindo Adiperkasa Tbk.,13 Februari 1995,Utama,Industrials
HILL,Hillcon Tbk.,1 Maret 2023,Utama,Energy
HITS,Humpuss Intermoda Transportasi,15 Desember 1997,Utama,Energy
HKMU,HK Metals Utama Tbk.,9 Oktober 2018,Pemantauan Khusus,Basic Materials
HMSP,H.M. Sampoerna Tbk.,15 Agustus 1990,Pengembangan,Consumer Non-Cyclicals
HOKI,Buyung Poetra Sembada Tbk.,22 Juni 2017,Utama,Consumer Non-Cyclicals
HOME,Hotel Mandarine Regency Tbk.,17 Juli 2008,Pemantauan Khusus,Consumer Cyclicals
HOMI,Grand House Mulia Tbk.,10 September 2020,Pengembangan,Properties & Real Estate
HOPE,Harapan Duta Pertiwi Tbk.,24 Mei 2021,Pemantauan Khusus,Industrials
HOTL,Saraswati Griya Lestari Tbk.,10 Januari 2013,Pemantauan Khusus,Consumer Cyclicals
HRME,Menteng Heritage Realty Tbk.,12 April 2019,Pemantauan Khusus,Consumer Cyclicals
HRTA,Hartadinata Abadi Tbk.,21 Juni 2017,Utama,Consumer Cyclicals
HRUM,Harum Energy Tbk.,6 Oktober 2010,Utama,Energy
HUMI,Humpuss Maritim Internasional,9 Agustus 2023,Utama,Energy
HYGN,Ecocare Indo Pasifik Tbk.,13 Februari 2024,Pengembangan,Industrials
IATA,MNC Energy Investments Tbk.,13 September 2006,Pemantauan Khusus,Energy
IBFN,Intan Baru Prana Tbk.,22 Desember 2014,Pemantauan Khusus,Industrials
IBOS,Indo Boga Sukses Tbk.,25 April 2022,Akselerasi,Consumer Non-Cyclicals
IBST,Inti Bangun Sejahtera Tbk.,31 Agustus 2012,Pemantauan Khusus,Infrastructure
ICBP,Indofood CBP Sukses Makmur Tbk,7 Oktober 2010,Utama,Consumer Non-Cyclicals
ICON,Island Conces Indonesia Tbk.,8 Juli 2005,Pemantauan Khusus,Industrials
IDEA,Idea Indonesia Akademi Tbk.,9 September 2021,Akselerasi,Consumer Cyclicals
IDPR,Indonesia Pondasi Raya Tbk.,10 Desember 2015,Pengembangan,Infrastructure
IFII,Indonesia Fibreboard Industry,10 Desember 2019,Pengembangan,Basic Materials
IFSH,Ifishdeco Tbk.,5 Desember 2019,Pengembangan,Basic Materials
IGAR,Champion Pacific Indonesia Tbk,5 November 1990,Pengembangan,Basic Materials
IIKP,Inti Agri Resources Tbk,14 Oktober 2002,Pemantauan Khusus,Consumer Cyclicals
IKAI,Intikeramik Alamasri Industri,4 Juni 1997,Pemantauan Khusus,Industrials
IKAN,Era Mandiri Cemerlang Tbk.,12 Februari 2020,Pemantauan Khusus,Consumer Non-Cyclicals
IKBI,Sumi Indo Kabel Tbk.,21 Januari 1991,Pengembangan,Industrials
IKPM,Ikapharmindo Putramas Tbk.,8 November 2023,Pengembangan,Healthcare
IMAS,Indomobil Sukses Internasional,15 November 1993,Utama,Consumer Cyclicals
IMJS,Indomobil Multi Jasa Tbk.,10 Desember 2013,Pengembangan,Transportation & Logistics
IMPC,Impack Pratama Industri Tbk.,17 Desember 2014,Utama,Industrials
INAF,Indofarma Tbk.,17 April 2001,Pemantauan Khusus,Healthcare
INAI,Indal Aluminium Industry Tbk.,5 Desember 1994,Pengembangan,Basic Materials
INCF,Indo Komoditi Korpora Tbk.,6 September 2016,Pemantauan Khusus,Basic Materials
INCI,Intanwijaya Internasional Tbk,24 Juli 1990,Pengembangan,Basic Materials
INCO,Vale Indonesia Tbk.,16 Mei 1990,Utama,Basic Materials
INDF,Indofood Sukses Makmur Tbk.,14 Juli 1994,Utama,Consumer Non-Cyclicals
INDO,Royalindo Investa Wijaya Tbk.,13 Januari 2020,Pengembangan,Properties & Real Estate
INDR,Indo-Rama Synthetics Tbk.,3 Agustus 1990,Pengembangan,Consumer Cyclicals
INDS,Indospring Tbk.,10 Agustus 1990,Pengembangan,Consumer Cyclicals
INDX,Tanah Laut Tbk,17 Mei 2001,Pengembangan,Industrials
INDY,Indika Energy Tbk.,11 Juni 2008,Utama,Energy
INET,Sinergi Inti Andalan Prima Tbk,24 Juli 2023,Pengembangan,Infrastructure
INKP,Indah Kiat Pulp & Paper Tbk.,16 Juli 1990,Utama,Basic Materials
INOV,Inocycle Technology Group Tbk.,10 Juli 2019,Pengembangan,Consumer Cyclicals
INPC,Bank Artha Graha Internasional,23 Agustus 1990,Utama,Financials
INPP,Indonesian Paradise Property T,12 Januari 2004,Pengembangan,Properties & Real Estate
INPS,Indah Prakasa Sentosa Tbk.,6 April 2018,Pengembangan,Energy
INRU,Toba Pulp Lestari Tbk.,18 Juni 1990,Pengembangan,Basic Materials
INTA,Intraco Penta Tbk.,23 Agustus 1993,Pemantauan Khusus,Industrials
INTD,Inter Delta Tbk,18 Desember 1989,Pengembangan,Basic Materials
INTP,Indocement Tunggal Prakarsa Tb,5 Desember 1989,Utama,Basic Materials
IOTF,Sumber Sinergi Makmur Tbk.,6 Oktober 2023,Pengembangan,Technology
IPAC,Era Graharealty Tbk.,30 Juni 2021,Akselerasi,Properties & Real Estate
IPCC,Indonesia Kendaraan Terminal T,9 Juli 2018,Utama,Infrastructure
IPCM,Jasa Armada Indonesia Tbk.,22 Desember 2017,Pengembangan,Infrastructure
IPOL,Indopoly Swakarsa Industry Tbk,9 Juli 2010,Pengembangan,Basic Materials
IPPE,Indo Pureco Pratama Tbk.,9 Desember 2021,Pemantauan Khusus,Consumer Non-Cyclicals
IRRA,Itama Ranoraya Tbk.,15 Oktober 2019,Pengembangan,Healthcare
IRSX,Folago Global Nusantara Tbk,7 Februari 2023,Pemantauan Khusus,Technology
PTIS,Indo Straits Tbk.,12 Juli 2011,Pengembangan,Energy
ISAP,Isra Presisi Indonesia Tbk.,9 Desember 2022,Akselerasi,Consumer Cyclicals
ISAT,Indosat Tbk.,19 Oktober 1994,Utama,Infrastructure
ISEA,Indo American Seafoods Tbk.,8 Juli 2024,Pengembangan,Consumer Non-Cyclicals
ISSP,Steel Pipe Industry of Indones,22 Februari 2013,Utama,Basic Materials
ITIC,Indonesian Tobacco Tbk.,4 Juli 2019,Pengembangan,Consumer Non-Cyclicals
ITMA,Sumber Energi Andalan Tbk.,10 Desember 1990,Pengembangan,Energy
ITMG,Indo Tambangraya Megah Tbk.,18 Desember 2007,Utama,Energy
IPTV,MNC Vision Networks Tbk.,8 Juli 2019,Pemantauan Khusus,Consumer Cyclicals
JARR,Jhonlin Agro Raya Tbk.,4 Agustus 2022,Utama,Consumer Non-Cyclicals
JAST,Jasnita Telekomindo Tbk.,16 Mei 2019,Pemantauan Khusus,Infrastructure
JATI,Informasi Teknologi Indonesia,8 Mei 2023,Pengembangan,Technology
JAWA,Jaya Agra Wattie Tbk.,30 Mei 2011,Pengembangan,Consumer Non-Cyclicals
JAYA,Armada Berjaya Trans Tbk.,21 Februari 2019,Pengembangan,Transportation & Logistics
JECC,Jembo Cable Company Tbk.,18 November 1992,Pengembangan,Industrials
JGLE,Graha Andrasentra Propertindo,29 Juni 2016,Pemantauan Khusus,Consumer Cyclicals
JIHD,Jakarta International Hotels &,29 Februari 1984,Pemantauan Khusus,Consumer Cyclicals
JKON,Jaya Konstruksi Manggala Prata,4 Desember 2007,Utama,Infrastructure
JKSW,Jakarta Kyoei Steel Works Tbk.,6 Agustus 1997,Pemantauan Khusus,Basic Materials
JMAS,Asuransi Jiwa Syariah Jasa Mit,18 Desember 2017,Pengembangan,Financials
JPFA,Japfa Comfeed Indonesia Tbk.,23 Oktober 1989,Utama,Consumer Non-Cyclicals
JRPT,Jaya Real Property Tbk.,29 Juni 1994,Pengembangan,Properties & Real Estate
JSPT,Jakarta Setiabudi Internasiona,12 Januari 1998,Pengembangan,Consumer Cyclicals
JSKY,Sky Energy Indonesia Tbk.,28 Maret 2018,Pemantauan Khusus,Energy
JSMR,Jasa Marga (Persero) Tbk.,12 November 2007,Utama,Infrastructure
JTPE,Jasuindo Tiga Perkasa Tbk.,16 April 2002,Utama,Industrials
KAEF,Kimia Farma Tbk.,4 Juli 2001,Pengembangan,Healthcare
KARW,Meratus Jasa Prima Tbk.,20 Desember 1994,Pemantauan Khusus,Infrastructure
KAYU,Darmi Bersaudara Tbk.,4 Juli 2019,Pemantauan Khusus,Basic Materials
KBAG,Karya Bersama Anugerah Tbk.,8 April 2020,Pemantauan Khusus,Properties & Real Estate
KBLI,KMI Wire & Cable Tbk.,6 Juli 1992,Utama,Industrials
KBLM,Kabelindo Murni Tbk.,1 Juni 1992,Pengembangan,Industrials
KBLV,First Media Tbk.,25 Februari 2000,Pemantauan Khusus,Infrastructure
KBRI,Kertas Basuki Rachmat Indonesi,11 Juli 2008,Pemantauan Khusus,Basic Materials
KDSI,Kedawung Setia Industrial Tbk.,29 Juli 1996,Pengembangan,Basic Materials
KDTN,Puri Sentul Permai Tbk.,9 November 2022,Pengembangan,Consumer Cyclicals
KEEN,Kencana Energi Lestari Tbk.,2 September 2019,Utama,Infrastructure
KEJU,Mulia Boga Raya Tbk.,25 November 2019,Pengembangan,Consumer Non-Cyclicals
KETR,Ketrosden Triasmitra Tbk.,11 Januari 2021,Pengembangan,Infrastructure
KIAS,Keramika Indonesia Assosiasi T,8 Desember 1994,Pemantauan Khusus,Industrials
KICI,Kedaung Indah Can Tbk,28 Oktober 1993,Pengembangan,Consumer Cyclicals
KIJA,Kawasan Industri Jababeka Tbk.,10 Januari 1995,Utama,Properties & Real Estate
KING,Hoffmen Cleanindo Tbk.,16 Februari 2023,Akselerasi,Industrials
KINO,Kino Indonesia Tbk.,11 Desember 2015,Pengembangan,Consumer Non-Cyclicals
KIOS,Kioson Komersial Indonesia Tbk,5 Oktober 2017,Pengembangan,Technology
KJEN,Krida Jaringan Nusantara Tbk.,1 Juli 2019,Pengembangan,Transportation & Logistics
KKES,Kusuma Kemindo Sentosa Tbk.,8 Agustus 2022,Pemantauan Khusus,Basic Materials
KKGI,Resource Alam Indonesia Tbk.,1 Juli 1991,Utama,Energy
KLAS,Pelayaran Kurnia Lautan Semest,12 Juni 2023,Pengembangan,Transportation & Logistics
KLBF,Kalbe Farma Tbk.,30 Juli 1991,Utama,Healthcare
KLIN,Klinko Karya Imaji Tbk.,9 Agustus 2022,Pemantauan Khusus,Consumer Cyclicals
KMDS,Kurniamitra Duta Sentosa Tbk.,7 September 2020,Pengembangan,Consumer Non-Cyclicals
KMTR,Kirana Megatara Tbk.,19 Juni 2017,Pengembangan,Basic Materials
KOBX,Kobexindo Tractors Tbk.,5 Juli 2012,Pengembangan,Industrials
KOCI,Kokoh Exa Nusantara Tbk.,7 Oktober 2023,Pengembangan,Properties & Real Estate
KOIN,Kokoh Inti Arebama Tbk,9 April 2008,Pemantauan Khusus,Industrials
KOKA,Koka Indonesia Tbk.,11 Oktober 2023,Pengembangan,Infrastructure
KONI,Perdana Bangun Pusaka Tbk,22 Agustus 1995,Pemantauan Khusus,Industrials
KOPI,Mitra Energi Persada Tbk.,4 Mei 2015,Pengembangan,Energy
KOTA,DMS Propertindo Tbk.,9 Juli 2019,Pemantauan Khusus,Consumer Cyclicals
KPAL,Steadfast Marine Tbk.,8 Juni 2018,Pemantauan Khusus,Industrials
KPAS,Cottonindo Ariesta Tbk.,5 Oktober 2018,Pemantauan Khusus,Consumer Non-Cyclicals
KPIG,MNC Land Tbk.,30 Maret 2000,Pengembangan,Consumer Cyclicals
KRAH,Grand Kartech Tbk.,8 November 2013,Pemantauan Khusus,Industrials
KRAS,Krakatau Steel (Persero) Tbk.,10 November 2010,Pengembangan,Basic Materials
KREN,Quantum Clovera Investama Tbk.,28 Juni 2002,Pemantauan Khusus,Technology
KRYA,Bangun Karya Perkasa Jaya Tbk.,25 Juli 2022,Pengembangan,Infrastructure
KUAS,Ace Oldfields Tbk.,25 Oktober 2021,Pengembangan,Industrials
LABA,Green Power Group Tbk.,10 Juni 2021,Pengembangan,Industrials
LABS,UBC Medical Indonesia Tbk.,10 Juli 2024,Pengembangan,Healthcare
LAJU,Jasa Berdikari Logistics Tbk.,27 Januari 2023,Pengembangan,Transportation & Logistics
LAND,Trimitra Propertindo Tbk.,23 Agustus 2018,Pemantauan Khusus,Properties & Real Estate
LAPD,Leyand International Tbk.,17 Juli 2001,Pemantauan Khusus,Consumer Non-Cyclicals
LCGP,Eureka Prima Jakarta Tbk.,13 Juli 2007,Pemantauan Khusus,Properties & Real Estate
LCKM,LCK Global Kedaton Tbk.,16 Januari 2018,Pengembangan,Infrastructure
LEAD,Logindo Samudramakmur Tbk.,11 Desember 2013,Pengembangan,Energy
LFLO,Imago Mulia Persada Tbk.,7 April 2021,Akselerasi,Consumer Cyclicals
LIFE,MSIG Life Insurance Indonesia,9 Juli 2019,Pengembangan,Financials
LINK,Link Net Tbk.,2 Juni 2014,Pengembangan,Infrastructure
LION,Lion Metal Works Tbk.,20 Agustus 1993,Pemantauan Khusus,Industrials
LIVE,Homeco Victoria Makmur Tbk.,12 Februari 2024,Pengembangan,Consumer Cyclicals
LMAS,Limas Indonesia Makmur Tbk,28 Desember 2001,Pemantauan Khusus,Technology
LMAX,Lupromax Pelumas Indonesia Tbk,9 Agustus 2023,Akselerasi,Consumer Cyclicals
LMPI,Langgeng Makmur Industri Tbk.,17 Oktober 1994,Pengembangan,Consumer Cyclicals
LMSH,Lionmesh Prima Tbk.,4 Juni 1990,Pemantauan Khusus,Basic Materials
LOPI,Logisticsplus International Tb,11 Oktober 2023,Akselerasi,Transportation & Logistics
LPCK,Lippo Cikarang Tbk,24 Juli 1997,Utama,Properties & Real Estate
LPGI,Lippo General Insurance Tbk.,22 Juli 1997,Pemantauan Khusus,Financials
LPIN,Multi Prima Sejahtera Tbk,5 Februari 1990,Pengembangan,Consumer Cyclicals
LPKR,Lippo Karawaci Tbk.,28 Juni 1996,Utama,Properties & Real Estate
LPLI,Star Pacific Tbk,23 Oktober 1989,Pengembangan,Properties & Real Estate
LPPF,MDS Retailing Tbk,9 Oktober 1989,Utama,Consumer Cyclicals
LPPS,Lenox Pasifik Investama Tbk.,28 Maret 1994,Pengembangan,Financials
LRNA,Eka Sari Lorena Transport Tbk.,15 April 2014,Pengembangan,Transportation & Logistics
LSIP,PP London Sumatra Indonesia Tb,5 Juli 1996,Utama,Consumer Non-Cyclicals
LTLS,Lautan Luas Tbk.,21 Juli 1997,Utama,Basic Materials
LUCK,Sentral Mitra Informatika Tbk.,28 November 2018,Pengembangan,Technology
LUCY,Lima Dua Lima Tiga Tbk.,5 Mei 2021,Akselerasi,Consumer Cyclicals
MABA,Marga Abhinaya Abadi Tbk.,22 Juni 2017,Pemantauan Khusus,Consumer Cyclicals
MAGP,Multi Agro Gemilang Plantation,16 Januari 2013,Pemantauan Khusus,Consumer Non-Cyclicals
MAHA,Mandiri Herindo Adiperkasa Tbk,25 Juli 2023,Utama,Energy
MAIN,Malindo Feedmill Tbk.,10 Februari 2006,Utama,Consumer Non-Cyclicals
MAMI,Mas Murni Indonesia Tbk,9 Februari 1994,Pemantauan Khusus,Consumer Cyclicals
MANG,Manggung Polahraya Tbk.,11 Januari 2024,Akselerasi,Infrastructure
MAPA,Map Aktif Adiperkasa Tbk.,5 Juli 2018,Utama,Consumer Cyclicals
MAPB,MAP Boga Adiperkasa Tbk.,21 Juni 2017,Pemantauan Khusus,Consumer Cyclicals
MAPI,Mitra Adiperkasa Tbk.,10 November 2004,Utama,Consumer Cyclicals
MARI,Mahaka Radio Integra Tbk.,11 Februari 2016,Pengembangan,Consumer Cyclicals
MARK,Mark Dynamics Indonesia Tbk.,12 Juli 2017,Utama,Industrials
MASA,Multistrada Arah Sarana Tbk.,9 Juni 2005,Utama,Consumer Cyclicals
MASB,Bank Multiarta Sentosa Tbk.,30 Juni 2021,Pengembangan,Financials
MAXI,Maxindo Karya Anugerah Tbk.,12 Juni 2023,Pengembangan,Consumer Non-Cyclicals
MAYA,Bank Mayapada Internasional Tb,29 Agustus 1997,Utama,Financials
MBAP,Mitrabara Adiperdana Tbk.,10 Juli 2014,Pengembangan,Energy
MBMA,Merdeka Battery Materials Tbk.,18 April 2023,Pengembangan,Basic Materials
MBSS,Mitrabahtera Segara Sejati Tbk,6 April 2011,Utama,Energy
MBTO,Martina Berto Tbk.,13 Januari 2011,Pengembangan,Consumer Non-Cyclicals
MCAS,M Cash Integrasi Tbk.,1 November 2017,Utama,Technology
MCOL,Prima Andalan Mandiri Tbk.,7 September 2021,Utama,Energy
MCOR,Bank China Construction Bank I,3 Juli 2007,Utama,Financials
MDIA,Intermedia Capital Tbk.,11 April 2014,Pemantauan Khusus,Consumer Cyclicals
MDKA,Merdeka Copper Gold Tbk.,19 Juni 2015,Utama,Basic Materials
MDKI,Emdeki Utama Tbk.,25 September 2017,Pengembangan,Basic Materials
MDLN,Modernland Realty Tbk.,18 Januari 1993,Utama,Properties & Real Estate
MDRN,Modern Internasional Tbk.,16 Juli 1991,Pemantauan Khusus,Industrials
MEDC,Medco Energi Internasional Tbk,12 Oktober 1994,Utama,Energy
MEDS,Hetzer Medical Indonesia Tbk.,10 Agustus 2022,Pengembangan,Healthcare
MEGA,Bank Mega Tbk.,17 April 2000,Utama,Financials
MEJA,Harta Djaya Karya Tbk.,12 Februari 2024,Akselerasi,Consumer Cyclicals
MENN,Menn Teknologi Indonesia Tbk.,18 April 2023,Akselerasi,Technology
MERK,Merck Tbk.,23 Juli 1981,Pengembangan,Healthcare
META,Nusantara Infrastructure Tbk.,18 Juli 2001,Pemantauan Khusus,Infrastructure
MFIN,Mandala Multifinance Tbk.,6 September 2005,Utama,Financials
MFMI,Multifiling Mitra Indonesia Tb,29 Desember 2010,Pemantauan Khusus,Industrials
MGLV,Panca Anugrah Wisesa Tbk.,8 Juni 2021,Akselerasi,Consumer Cyclicals
MGNA,Magna Investama Mandiri Tbk.,8 Juli 2014,Pemantauan Khusus,Consumer Cyclicals
MGRO,Mahkota Group Tbk.,12 Juli 2018,Pengembangan,Consumer Non-Cyclicals
MHKI,Multi Hanna Kreasindo Tbk.,16 April 2024,Pengembangan,Industrials
MICE,Multi Indocitra Tbk.,21 Desember 2005,Pengembangan,Consumer Cyclicals
MIDI,Midi Utama Indonesia Tbk.,30 November 2010,Utama,Consumer Non-Cyclicals
MIKA,Mitra Keluarga Karyasehat Tbk.,24 Maret 2015,Utama,Healthcare
MINA,Sanurhasta Mitra Tbk.,28 April 2017,Pemantauan Khusus,Consumer Cyclicals
MIRA,Mitra International Resources,30 Januari 1997,Pemantauan Khusus,Transportation & Logistics
MITI,Mitra Investindo Tbk.,16 Juli 1997,Pengembangan,Transportation & Logistics
MKAP,Multikarya Asia Pasifik Raya T,12 Februari 2024,Pengembangan,Energy
MKNT,Mitra Komunikasi Nusantara Tbk,26 Oktober 2015,Pemantauan Khusus,Consumer Cyclicals
MKPI,Metropolitan Kentjana Tbk.,10 Juli 2009,Pengembangan,Properties & Real Estate
MKTR,Menthobi Karyatama Raya Tbk.,8 November 2022,Utama,Consumer Non-Cyclicals
MLPT,Multipolar Technology Tbk.,8 Juli 2013,Pengembangan,Technology
MLBI,Multi Bintang Indonesia Tbk.,15 Desember 1981,Utama,Consumer Non-Cyclicals
MLIA,Mulia Industrindo Tbk,17 Januari 1994,Utama,Industrials
MLPL,Multipolar Tbk.,6 November 1989,Utama,Consumer Non-Cyclicals
MMIX,Multi Medika Internasional Tbk,6 Desember 2022,Pengembangan,Healthcare
MMLP,Mega Manunggal Property Tbk.,12 Juni 2015,Utama,Properties & Real Estate
MNCN,Media Nusantara Citra Tbk.,22 Juni 2007,Utama,Consumer Cyclicals
MOLI,Madusari Murni Indah Tbk.,30 Agustus 2018,Pengembangan,Basic Materials
MORA,Ekamas Mora Republik Tbk,8 Agustus 2022,Utama,Infrastructure
PTMP,Mitra Pack Tbk.,6 Maret 2023,Pengembangan,Industrials
MPIX,Mitra Pedagang Indonesia Tbk.,7 Februari 2024,Pengembangan,Technology
MPMX,Mitra Pinasthika Mustika Tbk.,29 Mei 2013,Utama,Consumer Cyclicals
MPOW,Megapower Makmur Tbk.,5 Juli 2017,Pengembangan,Infrastructure
MPPA,Matahari Putra Prima Tbk.,21 Desember 1992,Utama,Consumer Non-Cyclicals
MPRO,Maha Properti Indonesia Tbk.,9 Oktober 2018,Pengembangan,Properties & Real Estate
MPXL,MPX Logistics International Tb,9 Mei 2023,Pengembangan,Transportation & Logistics
PTMR,Master Print Tbk.,8 Oktober 2024,Pengembangan,Basic Materials
MRAT,Mustika Ratu Tbk.,27 Juli 1995,Pengembangan,Consumer Non-Cyclicals
MREI,Maskapai Reasuransi Indonesia,4 September 1989,Pengembangan,Financials
MSIE,Multisarana Intan Eduka Tbk.,10 Agustus 2023,Akselerasi,Properties & Real Estate
MSIN,MNC Digital Entertainment Tbk.,8 Juni 2018,Utama,Consumer Cyclicals
MSJA,Multi Spunindo Jaya Tbk.,10 Januari 2024,Utama,Consumer Non-Cyclicals
MSKY,MNC Sky Vision Tbk.,9 Juli 2012,Pengembangan,Consumer Cyclicals
MSTI,Mastersystem Infotama Tbk.,8 November 2023,Utama,Technology
MTDL,Metrodata Electronics Tbk.,9 April 1990,Utama,Technology
MTEL,Dayamitra Telekomunikasi Tbk.,22 November 2021,Utama,Infrastructure
MTFN,Capitalinc Investment Tbk.,16 April 1990,Pemantauan Khusus,Energy
MTLA,Metropolitan Land Tbk.,20 Juni 2011,Utama,Properties & Real Estate
MTMH,Murni Sadar Tbk.,20 April 2022,Utama,Healthcare
MTPS,Meta Epsi Tbk.,10 April 2019,Pemantauan Khusus,Infrastructure
MTRA,Mitra Pemuda Tbk.,10 Februari 2016,Pemantauan Khusus,Infrastructure
MTSM,Metro Realty Tbk.,8 Januari 1992,Pemantauan Khusus,Properties & Real Estate
MTWI,Malacca Trust Wuwungan Insuran,12 Oktober 2017,Pengembangan,Financials
MUTU,Mutuagung Lestari Tbk.,9 Agustus 2023,Pengembangan,Industrials
MYOH,Samindo Resources Tbk.,27 Juli 2000,Utama,Energy
MYOR,Mayora Indah Tbk.,4 Juli 1990,Utama,Consumer Non-Cyclicals
MYRX,Hanson International Tbk.,31 Oktober 1990,Pemantauan Khusus,Properties & Real Estate
MYTX,Asia Pacific Investama Tbk.,10 Oktober 1989,Pemantauan Khusus,Consumer Cyclicals
NAIK,Adiwarna Anugerah Abadi Tbk.,13 November 2024,Pengembangan,Industrials
NANO,Nanotech Indonesia Global Tbk.,10 Maret 2022,Akselerasi,Consumer Non-Cyclicals
NASA,Andalan Perkasa Abadi Tbk.,7 Agustus 2017,Pemantauan Khusus,Properties & Real Estate
NASI,Wahana Inti Makmur Tbk.,13 Desember 2021,Pengembangan,Consumer Non-Cyclicals
NATO,Olympus Strategic Indonesia Tbk,18 Januari 2019,Pengembangan,Consumer Cyclicals
NAYZ,Hassana Boga Sejahtera Tbk.,6 Februari 2023,Akselerasi,Consumer Non-Cyclicals
NCKL,Trimegah Bangun Persada Tbk.,12 April 2023,Utama,Basic Materials
NELY,Pelayaran Nelly Dwi Putri Tbk.,11 Oktober 2012,Pengembangan,Transportation & Logistics
NEST,Esta Indonesia Tbk.,8 Agustus 2024,Pengembangan,Consumer Non-Cyclicals
NETV,MDTV Media Technologies Tbk,26 Januari 2022,Pemantauan Khusus,Consumer Cyclicals
NFCX,NFC Indonesia Tbk.,12 Juli 2018,Pengembangan,Technology
NICE,Adhi Kartiko Pratama Tbk.,9 Januari 2024,Pengembangan,Basic Materials
NICK,Charnic Capital Tbk.,2 Mei 2018,Pengembangan,Financials
NICL,PAM Mineral Tbk.,9 Juli 2021,Pengembangan,Basic Materials
NIKL,Pelat Timah Nusantara Tbk.,14 Desember 2009,Pengembangan,Basic Materials
NINE,Techno9 Indonesia Tbk.,5 Desember 2022,Akselerasi,Technology
NIPS,Nipress Tbk.,24 Juli 1991,Pemantauan Khusus,Consumer Cyclicals
NIRO,City Retail Developments Tbk.,13 September 2012,Pengembangan,Properties & Real Estate
NISP,Bank OCBC NISP Tbk.,20 Oktober 1994,Utama,Financials
NOBU,Bank Nationalnobu Tbk.,20 Mei 2013,Pengembangan,Financials
NPGF,Nusa Palapa Gemilang Tbk.,14 April 2021,Pemantauan Khusus,Basic Materials
NRCA,Nusa Raya Cia Tbk.,27 Juni 2013,Pengembangan,Infrastructure
NSSS,Nusantara Sawit Sejahtera Tbk.,10 Maret 2023,Pengembangan,Consumer Non-Cyclicals
NTBK,Nusatama Berkah Tbk.,9 Februari 2022,Pengembangan,Industrials
NUSA,Sinergi Megah Internusa Tbk.,12 Juli 2018,Pemantauan Khusus,Consumer Cyclicals
NZIA,Nusantara Almazia Tbk.,25 September 2019,Pengembangan,Properties & Real Estate
OASA,Maharaksa Biru Energi Tbk.,18 Juli 2016,Pengembangan,Infrastructure
OBMD,OBM Drilchem Tbk.,8 Desember 2021,Pengembangan,Basic Materials
OCAP,Onix Capital Tbk.,10 Oktober 2003,Pemantauan Khusus,Financials
OILS,Indo Oil Perkasa Tbk.,6 September 2021,Pengembangan,Consumer Non-Cyclicals
OKAS,Ancora Indonesia Resources Tbk,29 Maret 2006,Pengembangan,Basic Materials
OLIV,Oscar Mitra Sukses Sejahtera T,17 Mei 2022,Akselerasi,Consumer Cyclicals
OMED,Jayamas Medica Industri Tbk.,8 November 2022,Utama,Healthcare
OMRE,Indonesia Prima Property Tbk,22 Agustus 1994,Pemantauan Khusus,Properties & Real Estate
OPMS,Oima Prima Metal Sinergi Tbk,23 September 2019,Pengembangan,Basic Materials
PACK,Abadi Nusantara Hijau Investama Tbk,8 Februari 2023,Pemantauan Khusus,Basic Materials
PADA,Personel Alih Daya Tbk.,8 Desember 2022,Pemantauan Khusus,Industrials
PADI,Minna Padi Investama Sekuritas,9 Januari 2012,Pemantauan Khusus,Financials
PALM,Provident Investasi Bersama Tb,8 Oktober 2012,Pengembangan,Financials
PAMG,Bima Sakti Pertiwi Tbk.,5 Juli 2019,Pengembangan,Properties & Real Estate
PANI,Pantai Indah Kapuk Dua Tbk.,18 September 2018,Pengembangan,Properties & Real Estate
PANR,Panorama Sentrawisata Tbk.,18 September 2001,Utama,Consumer Cyclicals
PANS,Panin Sekuritas Tbk.,31 Mei 2000,Utama,Financials
PART,Cipta Perdana Lancar Tbk.,5 Juli 2024,Pengembangan,Consumer Cyclicals
PBID,Panca Budi Idaman Tbk.,13 Desember 2017,Utama,Basic Materials
PBRX,Pan Brothers Tbk.,16 Agustus 1990,Pemantauan Khusus,Consumer Cyclicals
PBSA,Paramita Bangun Sarana Tbk.,28 September 2016,Pengembangan,Infrastructure
PCAR,Prima Cakrawala Abadi Tbk.,29 Desember 2017,Pengembangan,Consumer Non-Cyclicals
PDES,Destinasi Tirta Nusantara Tbk,8 Juli 2008,Pengembangan,Consumer Cyclicals
PDPP,Primadaya Plastisindo Tbk.,9 November 2022,Pengembangan,Basic Materials
PEGE,Panca Global Kapital Tbk.,24 Juni 2005,Pengembangan,Financials
PEHA,Phapros Tbk.,26 Desember 2018,Pengembangan,Healthcare
PEVE,Penta Valent Tbk.,24 Januari 2023,Pengembangan,Healthcare
PGAS,Perusahaan Gas Negara Tbk.,15 Desember 2003,Utama,Energy
PGEO,Pertamina Geothermal Energy Tb,24 Februari 2023,Utama,Infrastructure
PGJO,Bahtera Bumi Raya Tbk,8 Januari 2020,Akselerasi,Technology
PGLI,Pembangunan Graha Lestari Inda,5 April 2000,Pengembangan,Consumer Cyclicals
PGUN,Pradiksi Gunatama Tbk.,7 Juli 2020,Pemantauan Khusus,Consumer Non-Cyclicals
PICO,Pelangi Indah Canindo Tbk,23 September 1996,Pengembangan,Basic Materials
PIPA,Multi Makmur Lemindo Tbk.,10 April 2023,Pemantauan Khusus,Industrials
PJAA,Pembangunan Jaya Ancol Tbk.,2 Juli 2004,Pengembangan,Consumer Cyclicals
PKPK,Perdana Karya Perkasa Tbk,11 Juli 2007,Pengembangan,Energy
PLAN,Planet Properindo Jaya Tbk.,15 September 2020,Akselerasi,Consumer Cyclicals
PLAS,Polaris Investama Tbk,16 Maret 2001,Pemantauan Khusus,Financials
PLIN,Plaza Indonesia Realty Tbk.,15 Juni 1992,Pemantauan Khusus,Properties & Real Estate
PMJS,Putra Mandiri Jembar Tbk.,18 Desember 2019,Pengembangan,Consumer Cyclicals
PMMP,Panca Mitra Multiperdana Tbk.,18 Desember 2020,Pengembangan,Consumer Non-Cyclicals
PNBN,Bank Pan Indonesia Tbk,29 Desember 1982,Utama,Financials
PNBS,Bank Panin Dubai Syariah Tbk.,15 Januari 2014,Pengembangan,Financials
PNGO,Pinago Utama Tbk.,31 Agustus 2020,Pengembangan,Consumer Non-Cyclicals
PNIN,Paninvest Tbk.,20 September 1983,Utama,Financials
PNLF,Panin Financial Tbk.,14 Juni 1983,Utama,Financials
PNSE,Pudjiadi & Sons Tbk.,1 Mei 1990,Pengembangan,Consumer Cyclicals
POLA,Pool Advista Finance Tbk.,16 November 2018,Pemantauan Khusus,Financials
POLI,Pollux Hotels Group Tbk.,10 Januari 2019,Pemantauan Khusus,Properties & Real Estate
POLL,Pollux Properties Indonesia Tb,11 Juli 2018,Pengembangan,Properties & Real Estate
POLU,Golden Flower Tbk.,26 Juni 2019,Pengembangan,Consumer Cyclicals
POLY,Asia Pacific Fibers Tbk,12 Maret 1991,Pemantauan Khusus,Consumer Cyclicals
POOL,Pool Advista Indonesia Tbk.,20 Mei 1991,Pemantauan Khusus,Financials
PORT,Nusantara Pelabuhan Handal Tbk,16 Maret 2017,Pengembangan,Infrastructure
POSA,Bliss Properti Indonesia Tbk.,10 Mei 2019,Pemantauan Khusus,Properties & Real Estate
POWR,Cikarang Listrindo Tbk.,14 Juni 2016,Utama,Infrastructure
PTPP,PP (Persero) Tbk.,9 Februari 2010,Utama,Infrastructure
PPGL,Prima Globalindo Logistik Tbk.,20 Juli 2020,Akselerasi,Transportation & Logistics
PPRE,PP Presisi Tbk.,24 November 2017,Pengembangan,Infrastructure
PPRI,Paperocks Indonesia Tbk.,8 Agustus 2023,Pengembangan,Basic Materials
PPRO,PP Properti Tbk.,19 Mei 2015,Pemantauan Khusus,Properties & Real Estate
PRAS,Prima Alloy Steel Universal Tb,12 Juli 1990,Pemantauan Khusus,Consumer Cyclicals
PRAY,Famon Awal Bros Sedaya Tbk.,8 November 2022,Pengembangan,Healthcare
PRDA,Prodia Widyahusada Tbk.,7 Desember 2016,Utama,Healthcare
PRIM,Royal Prima Tbk.,15 Mei 2018,Pengembangan,Healthcare
PTPS,Pulau Subur Tbk.,9 Oktober 2023,Pengembangan,Consumer Non-Cyclicals
PSAB,J Resources Asia Pasifik Tbk.,22 April 2003,Pengembangan,Basic Materials
PSDN,Prasidha Aneka Niaga Tbk,18 Oktober 1994,Pengembangan,Consumer Non-Cyclicals
PSGO,Palma Serasih Tbk.,25 November 2019,Utama,Consumer Non-Cyclicals
PSKT,Red Planet Indonesia Tbk.,19 September 1995,Pemantauan Khusus,Consumer Cyclicals
PSSI,IMC Pelita Logistik Tbk.,5 Desember 2017,Utama,Energy
PUDP,Pudjiadi Prestige Tbk.,18 November 1994,Utama,Properties & Real Estate
PURA,Putra Rajawali Kencana Tbk.,29 Januari 2020,Pemantauan Khusus,Transportation & Logistics
PURE,Trinitan Metals and Minerals T,9 Oktober 2019,Pemantauan Khusus,Basic Materials
PURI,Puri Global Sukses Tbk.,8 September 2020,Pengembangan,Properties & Real Estate
PTPW,Pratama Widya Tbk.,7 Februari 2020,Pengembangan,Infrastructure
PWON,Pakuwon Jati Tbk.,9 Oktober 1989,Utama,Properties & Real Estate
PYFA,Pyridam Farma Tbk,16 Oktober 2001,Pengembangan,Healthcare
PZZA,Sarimelati Kencana Tbk.,23 Mei 2018,Pengembangan,Consumer Cyclicals
RAAM,Tripar Multivision Plus Tbk.,8 Mei 2023,Utama,Consumer Cyclicals
RAFI,Sari Kreasi Boga Tbk.,5 Agustus 2022,Pemantauan Khusus,Consumer Cyclicals
RAJA,Rukun Raharja Tbk.,19 April 2006,Utama,Energy
RALS,Ramayana Lestari Sentosa Tbk.,24 Juli 1996,Utama,Consumer Cyclicals
RANC,Supra Boga Lestari Tbk.,7 Juni 2012,Pengembangan,Consumer Non-Cyclicals
RBMS,Ristia Bintang Mahkotasejati T,19 Desember 1997,Pemantauan Khusus,Properties & Real Estate
RCCC,Utama Radar Cahaya Tbk.,2 Agustus 2022,Akselerasi,Transportation & Logistics
RDTX,Roda Vivatex Tbk,14 Mei 1990,Pemantauan Khusus,Properties & Real Estate
REAL,Repower Asia Indonesia Tbk.,6 Desember 2019,Pemantauan Khusus,Properties & Real Estate
RELF,Graha Mitra Asia Tbk.,22 Juni 2023,Akselerasi,Properties & Real Estate
RELI,Reliance Sekuritas Indonesia T,13 Juli 2005,Pengembangan,Financials
RGAS,Kian Santang Muliatama Tbk.,8 November 2023,Pengembangan,Energy
RICY,Ricky Putra Globalindo Tbk,22 Januari 1998,Pengembangan,Consumer Cyclicals
RIGS,Rig Tenders Indonesia Tbk.,5 Maret 1990,Pengembangan,Energy
RIMO,Rimo International Lestari Tbk,10 November 2000,Pemantauan Khusus,Properties & Real Estate
RISE,Jaya Sukses Makmur Sentosa Tbk,9 Juli 2018,Pengembangan,Properties & Real Estate
RMKE,RMK Energy Tbk.,7 Desember 2021,Utama,Energy
RMKO,Royaltama Mulia Kontraktorindo,31 Juli 2023,Pengembangan,Energy
PTRO,Petrosea Tbk.,21 Mei 1990,Utama,Energy
ROCK,Rockfields Properti Indonesia,10 September 2020,Pemantauan Khusus,Properties & Real Estate
RODA,Pikko Land Development Tbk.,22 Oktober 2001,Pemantauan Khusus,Properties & Real Estate
RONY,Aesler Grup Internasional Tbk.,9 April 2020,Pemantauan Khusus,Infrastructure
ROTI,Nippon Indosari Corpindo Tbk.,28 Juni 2010,Pengembangan,Consumer Non-Cyclicals
RSCH,Charlie Hospital Semarang Tbk.,28 Agustus 2023,Pengembangan,Healthcare
RSGK,Kedoya Adyaraya Tbk.,8 September 2021,Utama,Healthcare
RUIS,Radiant Utama Interinsco Tbk.,12 Juli 2006,Pengembangan,Energy
RUNS,Global Sukses Solusi Tbk.,8 September 2021,Akselerasi,Technology
SAFE,Steady Safe Tbk,15 Agustus 1994,Pengembangan,Transportation & Logistics
SAGE,Saausaha Gemilangindah Tbk.,8 Maret 2023,Pemantauan Khusus,Properties & Real Estate
SAME,Sarana Meditama Metropolitan T,11 Januari 2013,Utama,Healthcare
SAMF,Saraswanti Anugerah Makmur Tbk,31 Maret 2020,Utama,Basic Materials
SAPX,Satria Antaran Prima Tbk.,3 Oktober 2018,Pengembangan,Transportation & Logistics
SATU,Kota Satu Properti Tbk.,5 November 2018,Pengembangan,Properties & Real Estate
SBAT,Sejahtera Bintang Abadi Textil,8 April 2020,Pemantauan Khusus,Consumer Cyclicals
SBMA,Surya Biru Murni Acetylene Tbk,8 September 2021,Pengembangan,Basic Materials
SCCO,Supreme Cable Manufacturing &,20 Juli 1982,Pengembangan,Industrials
SCMA,Surya Citra Media Tbk.,16 Juli 2002,Utama,Consumer Cyclicals
SCNP,Selaras Citra Nusantara Perkas,7 September 2020,Pengembangan,Consumer Cyclicals
SCPI,Organon Pharma Indonesia Tbk.,8 Juni 1990,Pengembangan,Healthcare
SDMU,Sidomulyo Selaras Tbk.,12 Juli 2011,Pemantauan Khusus,Transportation & Logistics
SDPC,Millennium Pharmacon Internati,7 Mei 1990,Pengembangan,Consumer Non-Cyclicals
SDRA,Bank Woori Saudara Indonesia 1,15 Desember 2006,Utama,Financials
SEMA,Semacom Integrated Tbk.,10 Januari 2022,Pengembangan,Energy
SFAN,Surya Fajar Capital Tbk.,19 Juni 2019,Pengembangan,Financials
SGER,Sumber Global Energy Tbk.,10 Agustus 2020,Pengembangan,Energy
SGRO,Prime Agro Resources Tbk,18 Juni 2007,Utama,Consumer Non-Cyclicals
SHID,Hotel Sahid Jaya International,8 Mei 1990,Pengembangan,Consumer Cyclicals
SHIP,Sillo Maritime Perdana Tbk.,16 Juni 2016,Utama,Energy
SICO,Sigma Energy Compressindo Tbk.,8 April 2022,Pengembangan,Energy
SIDO,Industri Jamu dan Farmasi Sido,18 Desember 2013,Utama,Healthcare
SILO,Siloam International Hospitals,12 September 2013,Utama,Healthcare
SIMA,Siwani Makmur Tbk,3 Juni 1994,Pemantauan Khusus,Basic Materials
SIMP,Salim Ivomas Pratama Tbk.,9 Juni 2011,Utama,Consumer Non-Cyclicals
SINI,Singaraja Putra Tbk.,8 November 2019,Pemantauan Khusus,Industrials
SIPD,Sreeya Sewu Indonesia Tbk.,27 Desember 1996,Pengembangan,Consumer Non-Cyclicals
SKBM,Sekar Bumi Tbk.,28 September 2012,Pengembangan,Consumer Non-Cyclicals
SKLT,Sekar Laut Tbk.,8 September 1993,Pengembangan,Consumer Non-Cyclicals
SKRN,Superkrane Mitra Utama Tbk.,11 Oktober 2018,Pengembangan,Industrials
SKYB,Northcliff Citranusa Indonesia,7 Juli 2010,Pemantauan Khusus,Technology
SLIS,Gaya Abadi Sempurna Tbk.,7 Oktober 2019,Pengembangan,Consumer Cyclicals
SMAR,Sinar Mas Agro Resources and Technology Tbk,20 November 1992,Pengembangan,Consumer Non-Cyclicals
SMBR,Semen Baturaja Tbk.,28 Juni 2013,Utama,Basic Materials
SMCB,Solusi Bangun Indonesia Tbk.,10 Agustus 1977,Pemantauan Khusus,Basic Materials
SMDM,Suryamas Dutamakmur Tbk.,12 Oktober 1995,Pengembangan,Properties & Real Estate
SMDR,Samudera Indonesia Tbk.,5 Juli 1999,Utama,Transportation & Logistics
SMGA,Sumber Mineral Global Abadi Tb,30 Januari 2024,Pengembangan,Basic Materials
SMGR,Semen Indonesia (Persero) Tbk.,8 Juli 1991,Utama,Basic Materials
SMIL,Sarana Mitra Luas Tbk.,12 Mei 2023,Utama,Industrials
SMKL,Satyamitra Kemas Lestari Tbk.,11 Juli 2019,Pengembangan,Basic Materials
SMKM,Sumber Mas Konstruksi Tbk.,9 Maret 2022,Akselerasi,Infrastructure
SMLE,Sinergi Multi Lestarindo Tbk.,10 Januari 2024,Pengembangan,Basic Materials
SMMA,Sinarmas Multiartha Tbk.,5 Juli 1995,Utama,Financials
SMMT,Golden Eagle Energy Tbk.,1 Desember 1997,Pemantauan Khusus,Energy
SMRA,Summarecon Agung Tbk.,7 Mei 1990,Utama,Properties & Real Estate
SMRU,SMR Utama Tbk.,10 Oktober 2011,Pemantauan Khusus,Energy
SMSM,Selamat Sempurna Tbk.,9 September 1996,Utama,Consumer Cyclicals
PTSN,Sat Nusapersada Tbk,8 November 2007,Pengembangan,Technology
SNLK,Sunter Lakeside Hotel Tbk.,29 Maret 2021,Pengembangan,Consumer Cyclicals
SPTO,Surya Pertiwi Tbk.,14 Mei 2018,Utama,Industrials
SOCI,Soechi Lines Tbk.,3 Desember 2014,Utama,Energy
SOFA,Solusi Environment Asia Tbk,7 Juli 2020,Akselerasi,Consumer Cyclicals
SOHO,Soho Global Health Tbk.,8 September 2020,Pengembangan,Healthcare
SOLA,Xolare RCR Energy Tbk.,8 Mei 2024,Pengembangan,Basic Materials
SONA,Sona Topas Tourism Industry Tb,21 Juli 1992,Pengembangan,Consumer Cyclicals
SOSS,Shield On Service Tbk.,6 November 2018,Pemantauan Khusus,Industrials
SOTS,Satria Mega Kencana Tbk.,10 Desember 2018,Pengembangan,Consumer Cyclicals
SOUL,Mitra Tirta Buwana Tbk.,6 Januari 2023,Akselerasi,Consumer Non-Cyclicals
PTSP,Pioneerindo Gourmet Internatio,30 Mei 1994,Pengembangan,Consumer Cyclicals
SPMA,Suparma Tbk.,16 November 1994,Pengembangan,Basic Materials
SPRE,Soraya Berjaya Indonesia Tbk.,3 Juli 2024,Akselerasi,Consumer Cyclicals
SQMI,Wilton Makmur Indonesia Tbk.,15 Juli 2004,Pemantauan Khusus,Basic Materials
SRAJ,Sejahteraraya Anugrahjaya Tbk.,11 April 2011,Utama,Healthcare
SRIL,Sri Rejeki Isman Tbk.,17 Juni 2013,Pemantauan Khusus,Consumer Cyclicals
SRSN,Indo Acidatama Tbk,11 Januari 1993,Pengembangan,Basic Materials
SRTG,Saratoga Investama Sedaya Tbk.,26 Juni 2013,Utama,Financials
SSIA,Surya Semesta Internusa Tbk.,27 Maret 1997,Utama,Infrastructure
SSMS,Sawit Sumbermas Sarana Tbk.,12 Desember 2013,Utama,Consumer Non-Cyclicals
SSTM,Sunson Textile Manufacture Tbk,20 Agustus 1997,Pemantauan Khusus,Consumer Cyclicals
STAA,Sumber Tani Agung Resources Tb,10 Maret 2022,Utama,Consumer Non-Cyclicals
STAR,Calculus Global Ventures Tbk,13 Juli 2011,Pengembangan,Financials
STRK,Lovina Beach Brewery Tbk.,10 Oktober 2023,Pengembangan,Consumer Non-Cyclicals
STTP,Siantar Top Tbk.,16 Desember 1996,Pengembangan,Consumer Non-Cyclicals
SUGI,Sugih Energy Tbk.,19 Juni 2002,Pemantauan Khusus,Energy
SULI,SLJ Global Tbk.,21 Maret 1994,Pengembangan,Basic Materials
SUNI,Sunindo Pratama Tbk.,9 Januari 2023,Utama,Energy
SUPR,Solusi Tunas Pratama Tbk.,11 Oktober 2011,Pemantauan Khusus,Infrastructure
SURE,Super Energy Tbk.,5 Oktober 2018,Pengembangan,Energy
SURI,Maja Agung Latexindo Tbk.,7 Desember 2023,Pengembangan,Healthcare
SWAT,Sriwahana Adityakarta Tbk.,8 Juni 2018,Pemantauan Khusus,Basic Materials
SWID,Saraswanti Indoland Developmen,7 Juli 2022,Pengembangan,Consumer Cyclicals
TALF,Tunas Alfin Tbk.,17 Januari 2014,Pengembangan,Basic Materials
TAMA,Lancartama Sejati Tbk.,10 Februari 2020,Pemantauan Khusus,Infrastructure
TAMU,Pelayaran Tamarin Samudra Tbk.,10 Mei 2017,Pemantauan Khusus,Energy
TAPG,Triputra Agro Persada Tbk.,12 April 2021,Utama,Consumer Non-Cyclicals
TARA,Agung Semesta Sejahtera Tbk.,11 Juli 2014,Pemantauan Khusus,Properties & Real Estate
TAXI,Express Transindo Utama Tbk.,2 November 2012,Pemantauan Khusus,Transportation & Logistics
TAYS,Jaya Swarasa Agung Tbk.,6 Desember 2021,Pengembangan,Consumer Non-Cyclicals
TBIG,Tower Bersama Infrastructure T,26 Oktober 2010,Utama,Infrastructure
TBLA,Tunas Baru Lampung Tbk.,14 Februari 2000,Utama,Consumer Non-Cyclicals
TBMS,Tembaga Mulia Semanan Tbk.,23 Mei 1990,Pengembangan,Basic Materials
TCID,Mandom Indonesia Tbk.,30 September 1993,Pengembangan,Consumer Non-Cyclicals
TCPI,Transcoal Pacific Tbk.,6 Juli 2018,Pengembangan,Energy
TDPM,Tianrong Chemicals Industry Tb,9 April 2018,Pemantauan Khusus,Basic Materials
TEBE,Dana Brata Luhur Tbk.,18 November 2019,Utama,Energy
TECH,Indosterling Technomedia Tbk.,4 Juni 2020,Pemantauan Khusus,Technology
TELE,Omni Inovasi Indonesia Tbk.,12 Januari 2012,Pemantauan Khusus,Consumer Cyclicals
TFAS,Telefast Indonesia Tbk.,17 September 2019,Pengembangan,Technology
TFCO,Tifico Fiber Indonesia Tbk.,26 Februari 1980,Pemantauan Khusus,Consumer Cyclicals
TGKA,Tigaraksa Satria Tbk.,11 Juni 1990,Pengembangan,Consumer Non-Cyclicals
TGRA,Terregra Asia Energy Tbk.,16 Mei 2017,Pemantauan Khusus,Infrastructure
TGUK,Platinum Wahab Nusantara Tbk.,10 Juli 2023,Pengembangan,Consumer Non-Cyclicals
TIFA,KDB Tifa Finance Tbk.,8 Juli 2011,Pemantauan Khusus,Financials
TINS,Timah Tbk.,19 Oktober 1995,Utama,Basic Materials
TIRA,Tira Austenite Tbk,27 Juli 1993,Pengembangan,Industrials
TIRT,Tirta Mahakam Resources Tbk,13 Desember 1999,Pemantauan Khusus,Basic Materials
TKIM,Pabrik Kertas Tjiwi Kimia Tbk.,3 April 1990,Utama,Basic Materials
TLDN,Teladan Prima Agro Tbk.,12 April 2022,Pengembangan,Consumer Non-Cyclicals
TLKM,Telkom Indonesia (Persero) Tbk.,14 November 1995,Utama,Infrastructure
TMAS,Temas Tbk.,9 Juli 2003,Utama,Transportation & Logistics
TMPO,Tempo Intimedia Tbk.,8 Januari 2001,Pengembangan,Consumer Cyclicals
TNCA,Trimuda Nuansa Citra Tbk.,28 Juni 2018,Pengembangan,Transportation & Logistics
TOBA,TBS Energi Utama Tbk.,6 Juli 2012,Utama,Energy
TOOL,Rohartindo Nusantara Luas Tbk.,9 Agustus 2022,Pengembangan,Consumer Cyclicals
TOPS,Totalindo Eka Persada Tbk.,16 Juni 2017,Pemantauan Khusus,Infrastructure
TOSK,Topindo Solusi Komunika Tbk.,7 Februari 2024,Pengembangan,Technology
TOTL,Total Bangun Persada Tbk.,25 Juli 2006,Utama,Infrastructure
TOTO,Surya Toto Indonesia Tbk.,30 Oktober 1990,Pengembangan,Industrials
TOWR,Sarana Menara Nusantara Tbk.,8 Maret 2010,Utama,Infrastructure
TOYS,Sunindo Adipersada Tbk.,6 Agustus 2020,Pemantauan Khusus,Consumer Cyclicals
TPIA,Chandra Asri Pacific Tbk.,26 Mei 2008,Pengembangan,Basic Materials
TPMA,Trans Power Marine Tbk.,20 Februari 2013,Utama,Energy
TRAM,Trada Alam Minera Tbk.,10 September 2008,Pemantauan Khusus,Energy
TRGU,Cerestar Indonesia Tbk.,8 Juli 2022,Utama,Consumer Non-Cyclicals
TRIL,Triwira Insanlestari Tbk.,28 Januari 2008,Pemantauan Khusus,Industrials
TRIM,Trimegah Sekuritas Indonesia T,31 Januari 2000,Utama,Financials
TRIN,Perintis Triniti Properti Tbk.,15 Januari 2020,Pengembangan,Properties & Real Estate
TRIO,Trikomsel Oke Tbk.,14 April 2009,Pemantauan Khusus,Consumer Cyclicals
TRIS,Trisula International Tbk.,28 Juni 2012,Pengembangan,Consumer Cyclicals
TRJA,Transkon Jaya Tbk.,27 Agustus 2020,Pengembangan,Transportation & Logistics
TRON,Teknologi Karya Digital Nusa T,8 Maret 2023,Pengembangan,Technology
TRST,Trias Sentosa Tbk.,2 Juli 1990,Pengembangan,Basic Materials
TRUE,Triniti Dinamik Tbk.,10 Juni 2021,Pemantauan Khusus,Properties & Real Estate
TRUK,Guna Timur Raya Tbk.,23 Mei 2018,Pengembangan,Transportation & Logistics
TRUS,Trust Finance Indonesia Tbk,28 November 2002,Pengembangan,Financials
TSPC,Tempo Scan Pacific Tbk.,17 Juni 1994,Utama,Healthcare
TUGU,Asuransi Tugu Pratama Indonesi,28 Mei 2018,Utama,Financials
TYRE,King Tire Indonesia Tbk.,8 Mei 2023,Pengembangan,Consumer Cyclicals
UANG,Pakuan Tbk.,6 Juli 2020,Pengembangan,Properties & Real Estate
UCID,Uni-Charm Indonesia Tbk.,20 Desember 2019,Utama,Consumer Non-Cyclicals
UDNG,Agro Bahari Nusantara Tbk.,31 Oktober 2023,Akselerasi,Consumer Non-Cyclicals
UFOE,Damai Sejahtera Abadi Tbk.,1 Februari 2021,Pengembangan,Consumer Cyclicals
ULTJ,Ultrajaya Milk Industry & Trad,2 Juli 1990,Utama,Consumer Non-Cyclicals
UNIC,Unggul Indah Cahaya Tbk.,6 November 1989,Utama,Basic Materials
UNIQ,Ulima Nitra Tbk.,8 Maret 2021,Utama,Energy
UNIT,Nusantara Inti Corpora Tbk,18 April 2002,Pemantauan Khusus,Consumer Cyclicals
UNSP,Bakrie Sumatera Plantations Tbk.,6 Maret 1990,Pemantauan Khusus,Consumer Non-Cyclicals
UNTD,Terang Dunia Internusa Tbk.,7 Februari 2024,Pengembangan,Consumer Cyclicals
UNTR,United Tractors Tbk.,19 September 1989,Utama,Industrials
UNVR,Unilever Indonesia Tbk.,11 Januari 1982,Utama,Consumer Non-Cyclicals
URBN,Urban Jakarta Propertindo Tbk.,10 Desember 2018,Pengembangan,Properties & Real Estate
UVCR,Trimegah Karya Pratama Tbk.,27 Juli 2021,Pengembangan,Technology
VAST,Vastland Indonesia Tbk.,8 Februari 2023,Pengembangan,Properties & Real Estate
VERN,Verona Indah Pictures Tbk.,8 Oktober 2024,Pengembangan,Consumer Cyclicals
VICI,Victoria Care Indonesia Tbk.,17 Desember 2020,Utama,Consumer Non-Cyclicals
VICO,Victoria Investama Tbk.,8 Juli 2013,Pengembangan,Financials
VINS,Victoria Insurance Tbk.,28 September 2015,Pengembangan,Financials
VISI,Satu Visi Putra Tbk.,27 Februari 2024,Pengembangan,Industrials
VIVA,Visi Media Asia Tbk.,21 November 2011,Pemantauan Khusus,Consumer Cyclicals
VKTR,VKTR Teknologi Mobilitas Tbk.,19 Juni 2023,Pengembangan,Consumer Cyclicals
VOKS,Voksel Electric Tbk.,20 Desember 1990,Pengembangan,Industrials
VRNA,Mizuho Leasing Indonesia Tbk.,25 Juni 2008,Pengembangan,Financials
VTNY,Venteny Fortuna International,15 Desember 2022,Utama,Financials
WAPO,Wahana Pronatural Tbk.,22 Juni 2001,Pengembangan,Consumer Non-Cyclicals
WEGE,Wijaya Karya Bangunan Gedung T,30 November 2017,Utama,Infrastructure
WEHA,WEHA Transportasi Indonesia Tbk.,31 Mei 2007,Pengembangan,Transportation & Logistics
WGSH,Wira Global Solusi Tbk.,6 Desember 2021,Akselerasi,Technology
WICO,Wicaksana Overseas International Tbk.,8 Agustus 1994,Pemantauan Khusus,Consumer Non-Cyclicals
WIDI,Widiant Jaya Krenindo Tbk.,10 Juli 2023,Akselerasi,Industrials
WIFI,Solusi Sinergi Digital Tbk.,30 Desember 2020,Pengembangan,Technology
WIIM,Wismilak Inti Makmur Tbk.,18 Desember 2012,Utama,Consumer Non-Cyclicals
WIKA,Wijaya Karya (Persero) Tbk.,29 Oktober 2007,Pengembangan,Infrastructure
WINE,Hatten Bali Tbk.,10 Januari 2023,Pengembangan,Consumer Non-Cyclicals
WINR,Winner Nusantara Jaya Tbk.,25 April 2022,Pemantauan Khusus,Properties & Real Estate
WINS,Wintermar Offshore Marine Tbk.,29 November 2010,Utama,Energy
WIRG,WIR ASIA Tbk.,4 April 2022,Pengembangan,Technology
WMPP,Widodo Makmur Perkasa Tbk.,6 Desember 2021,Pemantauan Khusus,Consumer Non-Cyclicals
WMUU,Widodo Makmur Unggas Tbk.,2 Februari 2021,Pemantauan Khusus,Consumer Non-Cyclicals
WOMF,Wahana Ottomitra Multiartha Tb,13 Desember 2004,Pengembangan,Financials
WOOD,Integra Indocabinet Tbk.,21 Juni 2017,Utama,Consumer Cyclicals
WOWS,Ginting Jaya Energi Tbk.,8 November 2019,Pemantauan Khusus,Energy
WSBP,Waskita Beton Precast Tbk.,20 September 2016,Pemantauan Khusus,Basic Materials
WSKT,Waskita Karya (Persero) Tbk.,19 Desember 2012,Pemantauan Khusus,Infrastructure
WTON,Wijaya Karya Beton Tbk.,8 April 2014,Utama,Basic Materials
YELO,Yelooo Integra Datanet Tbk.,29 Oktober 2018,Pemantauan Khusus,Consumer Cyclicals
YPAS,Yanaprima Hastapersada Tbk,5 Maret 2008,Pemantauan Khusus,Basic Materials
YULE,Yulie Sekuritas Indonesia Tbk.,10 Desember 2004,Pengembangan,Financials
ZATA,Bersama Zatta Jaya Tbk.,10 November 2022,Pemantauan Khusus,Consumer Cyclicals
ZBRA,Dosni Roha Indonesia Tbk.,1 Agustus 1991,Pengembangan,Industrials
ZINC,Kapuas Prima Coal Tbk.,16 Oktober 2017,Pemantauan Khusus,Basic Materials
ZONE,Mega Perintis Tbk.,12 Desember 2018,Pengembangan,Consumer Cyclicals
ZYRX,Zyrexindo Mandiri Buana Tbk.,30 Maret 2021,Pengembangan,Technology
